id,program_id,race_id
1,132,55
2,9,55
3,10,55
4,17,55
5,18,55
6,19,55
7,20,55
8,25,55
9,26,55
10,38,55
11,39,55
12,46,55
13,47,55
14,50,55
15,51,55
16,54,55
17,55,55
18,56,55
19,57,55
20,178,55
21,179,55
22,180,55
23,181,55
24,184,55
25,185,55
26,132,25
27,46,25
28,47,25
29,50,25
30,51,25
31,54,25
32,55,25
33,56,25
34,57,25
35,136,25
36,137,25
37,138,25
38,141,25
39,142,25
40,145,25
41,146,25
42,178,25
43,179,25
44,180,25
45,181,25
46,184,25
47,185,25
48,132,27
49,46,27
50,47,27
51,50,27
52,51,27
53,54,27
54,55,27
55,56,27
56,57,27
57,149,27
58,150,27
59,158,27
60,159,27
61,168,27
62,169,27
63,171,27
64,172,27
65,173,27
66,174,27
67,177,27
68,178,27
69,179,27
70,180,27
71,181,27
72,184,27
73,185,27
74,132,28
75,1,28
76,2,28
77,17,28
78,18,28
79,19,28
80,20,28
81,21,28
82,22,28
83,30,28
84,31,28
85,46,28
86,47,28
87,50,28
88,51,28
89,54,28
90,55,28
91,56,28
92,57,28
93,178,28
94,179,28
95,180,28
96,181,28
97,184,28
98,185,28
99,132,23
100,13,23
101,14,23
102,17,23
103,18,23
104,19,23
105,20,23
106,28,23
107,29,23
108,42,23
109,43,23
110,46,23
111,47,23
112,50,23
113,51,23
114,54,23
115,55,23
116,56,23
117,57,23
118,178,23
119,179,23
120,180,23
121,181,23
122,184,23
123,185,23
124,132,60
125,5,60
126,6,60
127,17,60
128,18,60
129,19,60
130,20,60
131,23,60
132,24,60
133,34,60
134,35,60
135,46,60
136,47,60
137,50,60
138,51,60
139,54,60
140,55,60
141,56,60
142,57,60
143,178,60
144,179,60
145,180,60
146,181,60
147,184,60
148,185,60
149,132,64
150,13,64
151,14,64
152,17,64
153,18,64
154,19,64
155,20,64
156,28,64
157,29,64
158,42,64
159,43,64
160,46,64
161,47,64
162,50,64
163,51,64
164,54,64
165,55,64
166,56,64
167,57,64
168,178,64
169,179,64
170,180,64
171,181,64
172,184,64
173,185,64
174,132,17
175,46,17
176,47,17
177,50,17
178,51,17
179,54,17
180,55,17
181,56,17
182,57,17
183,70,17
184,71,17
185,74,17
186,75,17
187,84,17
188,85,17
189,86,17
190,87,17
191,88,17
192,89,17
193,90,17
194,91,17
195,94,17
196,95,17
197,98,17
198,109,17
199,110,17
200,111,17
201,112,17
202,113,17
203,116,17
204,117,17
205,130,17
206,131,17
207,178,17
208,179,17
209,180,17
210,181,17
211,184,17
212,185,17
213,132,29
214,47,29
215,49,29
216,50,29
217,52,29
218,55,29
219,57,29
220,58,29
221,61,29
222,63,29
223,74,29
224,77,29
225,78,29
226,87,29
227,89,29
228,91,29
229,93,29
230,95,29
231,97,29
232,98,29
233,100,29
234,101,29
235,111,29
236,112,29
237,114,29
238,117,29
239,119,29
240,121,29
241,123,29
242,178,29
243,180,29
244,182,29
245,185,29
246,187,29
247,132,30
248,47,30
249,49,30
250,51,30
251,53,30
252,55,30
253,57,30
254,59,30
255,61,30
256,63,30
257,75,30
258,77,30
259,78,30
260,86,30
261,88,30
262,90,30
263,92,30
264,95,30
265,97,30
266,98,30
267,99,30
268,102,30
269,111,30
270,112,30
271,115,30
272,116,30
273,118,30
274,121,30
275,122,30
276,179,30
277,181,30
278,183,30
279,185,30
280,187,30
281,132,19
282,10,19
283,11,19
284,18,19
285,19,19
286,25,19
287,27,19
288,39,19
289,41,19
290,47,19
291,48,19
292,50,19
293,53,19
294,54,19
295,56,19
296,58,19
297,178,19
298,180,19
299,183,19
300,185,19
301,187,19
302,132,53
303,9,53
304,12,53
305,18,53
306,19,53
307,26,53
308,27,53
309,39,53
310,41,53
311,46,53
312,49,53
313,51,53
314,52,53
315,54,53
316,56,53
317,59,53
318,179,53
319,181,53
320,182,53
321,184,53
322,186,53
323,132,54
324,10,54
325,12,54
326,18,54
327,19,54
328,26,54
329,27,54
330,39,54
331,40,54
332,47,54
333,49,54
334,51,54
335,52,54
336,54,54
337,56,54
338,59,54
339,179,54
340,181,54
341,183,54
342,185,54
343,187,54
344,132,50
345,6,50
346,7,50
347,17,50
348,20,50
349,23,50
350,35,50
351,37,50
352,46,50
353,48,50
354,51,50
355,53,50
356,54,50
357,56,50
358,59,50
359,179,50
360,180,50
361,183,50
362,184,50
363,186,50
364,47,45
365,49,45
366,50,45
367,52,45
368,55,45
369,57,45
370,58,45
371,136,45
372,137,45
373,140,45
374,141,45
375,143,45
376,146,45
377,148,45
378,178,45
379,181,45
380,182,45
381,185,45
382,187,45
383,14,18
384,16,18
385,17,18
386,20,18
387,29,18
388,42,18
389,44,18
390,46,18
391,49,18
392,51,18
393,52,18
394,55,18
395,57,18
396,59,18
397,179,18
398,181,18
399,182,18
400,184,18
401,186,18
402,47,21
403,49,21
404,50,21
405,52,21
406,55,21
407,57,21
408,58,21
409,136,21
410,137,21
411,140,21
412,142,21
413,143,21
414,146,21
415,147,21
416,178,21
417,181,21
418,182,21
419,185,21
420,187,21
421,132,46
422,47,46
423,48,46
424,51,46
425,52,46
426,54,46
427,56,46
428,59,46
429,136,46
430,138,46
431,140,46
432,142,46
433,144,46
434,145,46
435,148,46
436,179,46
437,181,46
438,182,46
439,185,46
440,186,46
441,132,51
442,5,51
443,7,51
444,18,51
445,19,51
446,23,51
447,34,51
448,36,51
449,47,51
450,48,51
451,50,51
452,53,51
453,55,51
454,56,51
455,59,51
456,179,51
457,181,51
458,182,51
459,185,51
460,186,51
461,132,31
462,10,31
463,12,31
464,18,31
465,20,31
466,25,31
467,27,31
468,39,31
469,40,31
470,46,31
471,49,31
472,51,31
473,53,31
474,54,31
475,57,31
476,59,31
477,179,31
478,180,31
479,183,31
480,184,31
481,186,31
482,132,56
483,46,56
484,48,56
485,50,56
486,52,56
487,55,56
488,57,56
489,59,56
490,64,56
491,75,56
492,77,56
493,81,56
494,86,56
495,88,56
496,91,56
497,92,56
498,95,56
499,96,56
500,98,56
501,103,56
502,111,56
503,112,56
504,114,56
505,116,56
506,119,56
507,125,56
508,179,56
509,180,56
510,183,56
511,185,56
512,187,56
513,49,62
514,52,62
515,58,62
516,65,62
517,75,62
518,77,62
519,81,62
520,86,62
521,89,62
522,91,62
523,92,62
524,95,62
525,97,62
526,98,62
527,104,62
528,111,62
529,113,62
530,114,62
531,117,62
532,118,62
533,124,62
534,182,62
535,187,62
536,49,63
537,53,63
538,58,63
539,65,63
540,75,63
541,77,63
542,80,63
543,87,63
544,88,63
545,91,63
546,92,63
547,95,63
548,96,63
549,98,63
550,103,63
551,111,63
552,112,63
553,115,63
554,116,63
555,119,63
556,124,63
557,182,63
558,186,63
559,9,52
560,11,52
561,17,52
562,19,52
563,26,52
564,38,52
565,41,52
566,47,52
567,48,52
568,50,52
569,52,52
570,55,52
571,56,52
572,58,52
573,178,52
574,181,52
575,182,52
576,185,52
577,187,52
578,49,61
579,52,61
580,59,61
581,66,61
582,68,61
583,75,61
584,76,61
585,83,61
586,87,61
587,88,61
588,90,61
589,93,61
590,94,61
591,96,61
592,98,61
593,105,61
594,107,61
595,111,61
596,113,61
597,115,61
598,117,61
599,118,61
600,127,61
601,128,61
602,182,61
603,186,61
604,48,59
605,52,59
606,59,59
607,136,59
608,137,59
609,139,59
610,141,59
611,143,59
612,145,59
613,147,59
614,182,59
615,187,59
616,132,15
617,46,15
618,48,15
619,50,15
620,53,15
621,54,15
622,57,15
623,59,15
624,136,15
625,138,15
626,140,15
627,142,15
628,144,15
629,146,15
630,147,15
631,178,15
632,180,15
633,182,15
634,185,15
635,186,15
636,132,26
637,46,26
638,48,26
639,51,26
640,53,26
641,54,26
642,56,26
643,59,26
644,60,26
645,62,26
646,75,26
647,76,26
648,79,26
649,86,26
650,89,26
651,90,26
652,93,26
653,94,26
654,96,26
655,98,26
656,100,26
657,102,26
658,111,26
659,112,26
660,114,26
661,117,26
662,119,26
663,120,26
664,123,26
665,178,26
666,181,26
667,183,26
668,184,26
669,186,26
670,47,32
671,48,32
672,50,32
673,53,32
674,55,32
675,57,32
676,58,32
677,149,32
678,152,32
679,153,32
680,156,32
681,164,32
682,171,32
683,172,32
684,173,32
685,175,32
686,177,32
687,178,32
688,180,32
689,183,32
690,185,32
691,187,32
692,132,57
693,46,57
694,49,57
695,50,57
696,52,57
697,55,57
698,56,57
699,58,57
700,65,57
701,75,57
702,77,57
703,80,57
704,86,57
705,89,57
706,90,57
707,92,57
708,94,57
709,96,57
710,98,57
711,104,57
712,111,57
713,112,57
714,115,57
715,117,57
716,118,57
717,124,57
718,179,57
719,181,57
720,183,57
721,184,57
722,187,57
723,132,58
724,46,58
725,49,58
726,50,58
727,53,58
728,54,58
729,57,58
730,58,58
731,149,58
732,151,58
733,159,58
734,160,58
735,169,58
736,171,58
737,172,58
738,174,58
739,176,58
740,177,58
741,179,58
742,180,58
743,183,58
744,185,58
745,186,58
746,132,16
747,46,16
748,48,16
749,51,16
750,52,16
751,54,16
752,57,16
753,59,16
754,70,16
755,73,16
756,75,16
757,77,16
758,84,16
759,86,16
760,89,16
761,90,16
762,92,16
763,95,16
764,97,16
765,98,16
766,110,16
767,111,16
768,112,16
769,114,16
770,117,16
771,119,16
772,130,16
773,179,16
774,181,16
775,183,16
776,185,16
777,187,16
778,132,65
779,46,65
780,49,65
781,50,65
782,52,65
783,54,65
784,56,65
785,59,65
786,71,65
787,72,65
788,75,65
789,76,65
790,84,65
791,86,65
792,89,65
793,91,65
794,93,65
795,95,65
796,96,65
797,98,65
798,109,65
799,111,65
800,112,65
801,114,65
802,117,65
803,118,65
804,131,65
805,179,65
806,180,65
807,183,65
808,185,65
809,187,65
810,132,1
811,9,1
812,12,1
813,17,1
814,20,1
815,26,1
816,27,1
817,39,1
818,41,1
819,46,1
820,48,1
821,51,1
822,53,1
823,54,1
824,57,1
825,59,1
826,178,1
827,180,1
828,182,1
829,185,1
830,187,1
831,132,10
832,13,10
833,16,10
834,17,10
835,20,10
836,28,10
837,43,10
838,45,10
839,47,10
840,49,10
841,50,10
842,53,10
843,54,10
844,56,10
845,59,10
846,178,10
847,181,10
848,182,10
849,185,10
850,187,10
851,47,20
852,49,20
853,50,20
854,52,20
855,55,20
856,57,20
857,58,20
858,149,20
859,152,20
860,154,20
861,156,20
862,165,20
863,171,20
864,172,20
865,173,20
866,175,20
867,177,20
868,178,20
869,181,20
870,182,20
871,185,20
872,187,20
873,6,3
874,8,3
875,18,3
876,19,3
877,24,3
878,34,3
879,36,3
880,46,3
881,48,3
882,51,3
883,52,3
884,55,3
885,57,3
886,58,3
887,179,3
888,180,3
889,183,3
890,184,3
891,186,3
892,132,70
893,46,70
894,48,70
895,50,70
896,53,70
897,54,70
898,56,70
899,59,70
900,136,70
901,138,70
902,139,70
903,142,70
904,144,70
905,146,70
906,148,70
907,178,70
908,181,70
909,182,70
910,185,70
911,186,70
912,132,93
913,46,93
914,48,93
915,51,93
916,52,93
917,55,93
918,57,93
919,59,93
920,136,93
921,137,93
922,139,93
923,142,93
924,143,93
925,146,93
926,147,93
927,178,93
928,180,93
929,182,93
930,184,93
931,187,93
932,132,88
933,47,88
934,48,88
935,51,88
936,53,88
937,54,88
938,57,88
939,59,88
940,71,88
941,72,88
942,75,88
943,76,88
944,84,88
945,87,88
946,88,88
947,90,88
948,92,88
949,94,88
950,97,88
951,98,88
952,109,88
953,111,88
954,113,88
955,115,88
956,116,88
957,118,88
958,131,88
959,179,88
960,180,88
961,183,88
962,184,88
963,186,88
964,46,77
965,49,77
966,51,77
967,52,77
968,54,77
969,57,77
970,58,77
971,149,77
972,151,77
973,153,77
974,155,77
975,164,77
976,171,77
977,172,77
978,173,77
979,175,77
980,177,77
981,178,77
982,180,77
983,183,77
984,184,77
985,187,77
986,13,102
987,16,102
988,18,102
989,20,102
990,29,102
991,43,102
992,45,102
993,46,102
994,48,102
995,50,102
996,52,102
997,54,102
998,56,102
999,58,102
1000,178,102
1001,180,102
1002,182,102
1003,184,102
1004,186,102
1005,49,116
1006,53,116
1007,58,116
1008,66,116
1009,69,116
1010,74,116
1011,77,116
1012,83,116
1013,87,116
1014,89,116
1015,90,116
1016,92,116
1017,94,116
1018,96,116
1019,98,116
1020,105,116
1021,107,116
1022,111,116
1023,113,116
1024,114,116
1025,117,116
1026,118,116
1027,126,116
1028,128,116
1029,183,116
1030,186,116
1031,132,91
1032,47,91
1033,48,91
1034,51,91
1035,53,91
1036,54,91
1037,56,91
1038,58,91
1039,71,91
1040,72,91
1041,74,91
1042,77,91
1043,85,91
1044,87,91
1045,88,91
1046,91,91
1047,92,91
1048,94,91
1049,96,91
1050,98,91
1051,110,91
1052,111,91
1053,113,91
1054,115,91
1055,116,91
1056,118,91
1057,131,91
1058,178,91
1059,181,91
1060,183,91
1061,184,91
1062,186,91
1063,132,4
1064,47,4
1065,49,4
1066,51,4
1067,53,4
1068,54,4
1069,56,4
1070,58,4
1071,149,4
1072,152,4
1073,159,4
1074,161,4
1075,168,4
1076,171,4
1077,172,4
1078,173,4
1079,176,4
1080,177,4
1081,178,4
1082,180,4
1083,183,4
1084,185,4
1085,187,4
1086,132,73
1087,46,73
1088,48,73
1089,50,73
1090,53,73
1091,54,73
1092,57,73
1093,58,73
1094,150,73
1095,151,73
1096,163,73
1097,170,73
1098,171,73
1099,172,73
1100,173,73
1101,175,73
1102,177,73
1103,179,73
1104,181,73
1105,182,73
1106,185,73
1107,186,73
1108,48,79
1109,53,79
1110,58,79
1111,136,79
1112,137,79
1113,139,79
1114,142,79
1115,143,79
1116,146,79
1117,147,79
1118,182,79
1119,186,79
1120,46,109
1121,48,109
1122,50,109
1123,53,109
1124,55,109
1125,57,109
1126,58,109
1127,149,109
1128,151,109
1129,153,109
1130,155,109
1131,164,109
1132,171,109
1133,172,109
1134,173,109
1135,176,109
1136,177,109
1137,178,109
1138,180,109
1139,182,109
1140,184,109
1141,186,109
1142,6,113
1143,8,113
1144,17,113
1145,19,113
1146,24,113
1147,34,113
1148,36,113
1149,47,113
1150,48,113
1151,51,113
1152,53,113
1153,54,113
1154,57,113
1155,59,113
1156,178,113
1157,180,113
1158,182,113
1159,185,113
1160,186,113
1161,132,119
1162,47,119
1163,49,119
1164,51,119
1165,53,119
1166,54,119
1167,56,119
1168,59,119
1169,60,119
1170,62,119
1171,74,119
1172,76,119
1173,78,119
1174,87,119
1175,89,119
1176,90,119
1177,93,119
1178,94,119
1179,97,119
1180,98,119
1181,99,119
1182,101,119
1183,111,119
1184,113,119
1185,115,119
1186,117,119
1187,118,119
1188,121,119
1189,122,119
1190,178,119
1191,180,119
1192,182,119
1193,185,119
1194,186,119
1195,132,76
1196,47,76
1197,49,76
1198,50,76
1199,52,76
1200,54,76
1201,56,76
1202,58,76
1203,64,76
1204,75,76
1205,76,76
1206,80,76
1207,87,76
1208,89,76
1209,90,76
1210,92,76
1211,95,76
1212,97,76
1213,98,76
1214,103,76
1215,111,76
1216,112,76
1217,114,76
1218,116,76
1219,119,76
1220,124,76
1221,179,76
1222,181,76
1223,182,76
1224,185,76
1225,187,76
1226,48,105
1227,52,105
1228,59,105
1229,149,105
1230,151,105
1231,159,105
1232,160,105
1233,169,105
1234,171,105
1235,172,105
1236,174,105
1237,175,105
1238,177,105
1239,183,105
1240,186,105
1241,132,108
1242,46,108
1243,48,108
1244,50,108
1245,52,108
1246,54,108
1247,56,108
1248,59,108
1249,60,108
1250,62,108
1251,75,108
1252,76,108
1253,78,108
1254,86,108
1255,88,108
1256,90,108
1257,93,108
1258,95,108
1259,96,108
1260,98,108
1261,100,108
1262,102,108
1263,111,108
1264,112,108
1265,114,108
1266,117,108
1267,119,108
1268,120,108
1269,122,108
1270,179,108
1271,180,108
1272,183,108
1273,185,108
1274,186,108
1275,47,112
1276,49,112
1277,51,112
1278,53,112
1279,54,112
1280,56,112
1281,58,112
1282,149,112
1283,151,112
1284,153,112
1285,156,112
1286,165,112
1287,171,112
1288,172,112
1289,173,112
1290,175,112
1291,177,112
1292,178,112
1293,181,112
1294,182,112
1295,184,112
1296,186,112
1297,47,114
1298,48,114
1299,51,114
1300,52,114
1301,55,114
1302,56,114
1303,59,114
1304,60,114
1305,63,114
1306,75,114
1307,76,114
1308,78,114
1309,86,114
1310,88,114
1311,91,114
1312,93,114
1313,95,114
1314,96,114
1315,98,114
1316,99,114
1317,102,114
1318,111,114
1319,113,114
1320,114,114
1321,116,114
1322,119,114
1323,121,114
1324,122,114
1325,178,114
1326,181,114
1327,182,114
1328,184,114
1329,187,114
1330,48,117
1331,53,117
1332,59,117
1333,150,117
1334,152,117
1335,153,117
1336,155,117
1337,165,117
1338,171,117
1339,172,117
1340,174,117
1341,176,117
1342,177,117
1343,183,117
1344,186,117
1345,132,92
1346,46,92
1347,49,92
1348,51,92
1349,52,92
1350,54,92
1351,56,92
1352,59,92
1353,149,92
1354,152,92
1355,163,92
1356,170,92
1357,171,92
1358,172,92
1359,173,92
1360,176,92
1361,177,92
1362,178,92
1363,180,92
1364,183,92
1365,184,92
1366,187,92
1367,132,5
1368,5,5
1369,8,5
1370,18,5
1371,19,5
1372,23,5
1373,35,5
1374,37,5
1375,47,5
1376,49,5
1377,51,5
1378,53,5
1379,55,5
1380,56,5
1381,59,5
1382,178,5
1383,181,5
1384,182,5
1385,184,5
1386,186,5
1387,132,71
1388,46,71
1389,48,71
1390,50,71
1391,53,71
1392,55,71
1393,57,71
1394,59,71
1395,70,71
1396,73,71
1397,74,71
1398,77,71
1399,85,71
1400,87,71
1401,88,71
1402,91,71
1403,92,71
1404,94,71
1405,97,71
1406,98,71
1407,109,71
1408,111,71
1409,112,71
1410,115,71
1411,117,71
1412,118,71
1413,131,71
1414,179,71
1415,181,71
1416,183,71
1417,184,71
1418,187,71
1419,47,72
1420,49,72
1421,51,72
1422,52,72
1423,55,72
1424,56,72
1425,59,72
1426,136,72
1427,138,72
1428,140,72
1429,141,72
1430,144,72
1431,145,72
1432,148,72
1433,178,72
1434,180,72
1435,183,72
1436,184,72
1437,187,72
1438,14,103
1439,16,103
1440,28,103
1441,42,103
1442,45,103
1443,111,24
1444,112,24
1445,98,24
1446,82,24
1447,182,24
1448,76,24
1449,186,24
1450,118,24
1451,129,24
1452,52,24
1453,68,24
1454,107,24
1455,49,24
1456,97,24
1457,59,24
1458,92,24
1459,1,107
1460,3,107
1461,21,107
1462,30,107
1463,32,107
1464,49,107
1465,53,107
1466,59,107
1467,182,107
1468,187,107
1469,47,81
1470,48,81
1471,50,81
1472,53,81
1473,55,81
1474,57,81
1475,58,81
1476,150,81
1477,152,81
1478,154,81
1479,155,81
1480,164,81
1481,171,81
1482,172,81
1483,173,81
1484,176,81
1485,177,81
1486,178,81
1487,180,81
1488,183,81
1489,185,81
1490,187,81
1491,6,110
1492,7,110
1493,17,110
1494,20,110
1495,24,110
1496,34,110
1497,36,110
1498,46,86
1499,48,86
1500,50,86
1501,52,86
1502,55,86
1503,57,86
1504,58,86
1505,61,86
1506,63,86
1507,75,86
1508,77,86
1509,79,86
1510,86,86
1511,88,86
1512,91,86
1513,92,86
1514,95,86
1515,96,86
1516,100,86
1517,102,86
1518,112,86
1519,114,86
1520,116,86
1521,119,86
1522,120,86
1523,123,86
1524,179,86
1525,181,86
1526,183,86
1527,184,86
1528,187,86
1529,46,89
1530,49,89
1531,50,89
1532,52,89
1533,55,89
1534,56,89
1535,58,89
1536,150,89
1537,152,89
1538,159,89
1539,160,89
1540,168,89
1541,171,89
1542,172,89
1543,174,89
1544,175,89
1545,177,89
1546,178,89
1547,181,89
1548,182,89
1549,185,89
1550,187,89
1551,47,95
1552,48,95
1553,51,95
1554,53,95
1555,55,95
1556,57,95
1557,58,95
1558,70,95
1559,73,95
1560,74,95
1561,77,95
1562,85,95
1563,87,95
1564,88,95
1565,90,95
1566,92,95
1567,94,95
1568,97,95
1569,110,95
1570,113,95
1571,115,95
1572,116,95
1573,119,95
1574,130,95
1575,178,95
1576,181,95
1577,182,95
1578,184,95
1579,186,95
1580,132,8
1581,47,8
1582,48,8
1583,50,8
1584,52,8
1585,54,8
1586,56,8
1587,59,8
1588,65,8
1589,74,8
1590,76,8
1591,81,8
1592,86,8
1593,88,8
1594,91,8
1595,93,8
1596,95,8
1597,96,8
1598,98,8
1599,103,8
1600,111,8
1601,112,8
1602,114,8
1603,117,8
1604,119,8
1605,125,8
1606,179,8
1607,180,8
1608,182,8
1609,185,8
1610,187,8
1611,65,12
1612,75,12
1613,76,12
1614,81,12
1615,86,12
1616,89,12
1617,90,12
1618,93,12
1619,95,12
1620,96,12
1621,98,12
1622,104,12
1623,111,12
1624,113,12
1625,114,12
1626,116,12
1627,118,12
1628,125,12
1629,132,74
1630,46,74
1631,49,74
1632,51,74
1633,52,74
1634,54,74
1635,56,74
1636,58,74
1637,150,74
1638,151,74
1639,159,74
1640,161,74
1641,168,74
1642,171,74
1643,172,74
1644,173,74
1645,176,74
1646,177,74
1647,179,74
1648,180,74
1649,182,74
1650,184,74
1651,187,74
1652,48,104
1653,53,104
1654,58,104
1655,70,104
1656,73,104
1657,74,104
1658,77,104
1659,85,104
1660,87,104
1661,89,104
1662,91,104
1663,93,104
1664,94,104
1665,96,104
1666,110,104
1667,113,104
1668,114,104
1669,116,104
1670,119,104
1671,131,104
1672,183,104
1673,187,104
1674,48,106
1675,52,106
1676,58,106
1677,149,106
1678,152,106
1679,159,106
1680,160,106
1681,168,106
1682,171,106
1683,172,106
1684,174,106
1685,176,106
1686,177,106
1687,183,106
1688,186,106
1689,47,82
1690,48,82
1691,50,82
1692,53,82
1693,55,82
1694,57,82
1695,58,82
1696,149,82
1697,152,82
1698,153,82
1699,156,82
1700,165,82
1701,171,82
1702,172,82
1703,173,82
1704,175,82
1705,177,82
1706,178,82
1707,180,82
1708,183,82
1709,185,82
1710,187,82
1711,5,115
1712,7,115
1713,18,115
1714,20,115
1715,23,115
1716,34,115
1717,37,115
1718,49,118
1719,52,118
1720,58,118
1721,149,118
1722,151,118
1723,162,118
1724,170,118
1725,173,118
1726,175,118
1727,182,118
1728,187,118
1729,48,85
1730,52,85
1731,59,85
1732,149,85
1733,151,85
1734,158,85
1735,161,85
1736,169,85
1737,171,85
1738,172,85
1739,173,85
1740,176,85
1741,177,85
1742,183,85
1743,187,85
1744,132,120
1745,13,120
1746,15,120
1747,17,120
1748,20,120
1749,29,120
1750,42,120
1751,44,120
1752,46,120
1753,49,120
1754,51,120
1755,52,120
1756,54,120
1757,57,120
1758,59,120
1759,179,120
1760,181,120
1761,183,120
1762,185,120
1763,186,120
1764,132,90
1765,47,90
1766,49,90
1767,51,90
1768,53,90
1769,54,90
1770,57,90
1771,59,90
1772,71,90
1773,72,90
1774,75,90
1775,76,90
1776,84,90
1777,87,90
1778,89,90
1779,91,90
1780,93,90
1781,95,90
1782,97,90
1783,98,90
1784,110,90
1785,111,90
1786,113,90
1787,114,90
1788,117,90
1789,119,90
1790,131,90
1791,178,90
1792,181,90
1793,182,90
1794,185,90
1795,186,90
1796,132,122
1797,47,122
1798,49,122
1799,51,122
1800,53,122
1801,54,122
1802,57,122
1803,59,122
1804,70,122
1805,73,122
1806,75,122
1807,76,122
1808,84,122
1809,87,122
1810,89,122
1811,90,122
1812,92,122
1813,95,122
1814,97,122
1815,98,122
1816,109,122
1817,111,122
1818,113,122
1819,115,122
1820,116,122
1821,118,122
1822,130,122
1823,178,122
1824,180,122
1825,182,122
1826,185,122
1827,186,122
1828,132,9
1829,46,9
1830,48,9
1831,51,9
1832,53,9
1833,55,9
1834,57,9
1835,59,9
1836,64,9
1837,75,9
1838,76,9
1839,80,9
1840,86,9
1841,89,9
1842,90,9
1843,92,9
1844,94,9
1845,96,9
1846,98,9
1847,104,9
1848,111,9
1849,112,9
1850,115,9
1851,116,9
1852,118,9
1853,124,9
1854,179,9
1855,181,9
1856,182,9
1857,184,9
1858,186,9
1859,132,75
1860,46,75
1861,48,75
1862,50,75
1863,52,75
1864,55,75
1865,57,75
1866,59,75
1867,149,75
1868,152,75
1869,153,75
1870,155,75
1871,165,75
1872,171,75
1873,172,75
1874,173,75
1875,175,75
1876,177,75
1877,179,75
1878,181,75
1879,182,75
1880,185,75
1881,187,75
1882,67,100
1883,69,100
1884,75,100
1885,77,100
1886,82,100
1887,87,100
1888,89,100
1889,90,100
1890,93,100
1891,95,100
1892,97,100
1893,98,100
1894,106,100
1895,108,100
1896,111,100
1897,112,100
1898,114,100
1899,117,100
1900,118,100
1901,127,100
1902,128,100
1903,48,78
1904,52,78
1905,58,78
1906,67,78
1907,69,78
1908,75,78
1909,76,78
1910,83,78
1911,87,78
1912,88,78
1913,91,78
1914,92,78
1915,94,78
1916,96,78
1917,98,78
1918,105,78
1919,108,78
1920,111,78
1921,112,78
1922,114,78
1923,116,78
1924,118,78
1925,127,78
1926,129,78
1927,183,78
1928,187,78
1929,14,111
1930,16,111
1931,28,111
1932,43,111
1933,45,111
1934,48,111
1935,52,111
1936,58,111
1937,183,111
1938,186,111
1939,48,84
1940,53,84
1941,59,84
1942,70,84
1943,73,84
1944,74,84
1945,77,84
1946,84,84
1947,87,84
1948,88,84
1949,90,84
1950,92,84
1951,94,84
1952,96,84
1953,98,84
1954,109,84
1955,111,84
1956,113,84
1957,115,84
1958,116,84
1959,119,84
1960,130,84
1961,183,84
1962,187,84
1963,70,121
1964,73,121
1965,74,121
1966,77,121
1967,85,121
1968,86,121
1969,89,121
1970,91,121
1971,93,121
1972,95,121
1973,96,121
1974,110,121
1975,112,121
1976,114,121
1977,117,121
1978,119,121
1979,130,121
1980,47,94
1981,48,94
1982,51,94
1983,53,94
1984,55,94
1985,57,94
1986,58,94
1987,70,94
1988,73,94
1989,74,94
1990,77,94
1991,85,94
1992,87,94
1993,88,94
1994,90,94
1995,92,94
1996,94,94
1997,97,94
1998,110,94
1999,113,94
2000,115,94
2001,116,94
2002,119,94
2003,130,94
2004,178,94
2005,181,94
2006,182,94
2007,184,94
2008,186,94
2009,46,2
2010,48,2
2011,50,2
2012,52,2
2013,55,2
2014,56,2
2015,58,2
2016,150,2
2017,152,2
2018,159,2
2019,161,2
2020,168,2
2021,171,2
2022,172,2
2023,173,2
2024,175,2
2025,177,2
2026,179,2
2027,181,2
2028,183,2
2029,184,2
2030,187,2
2031,46,22
2032,48,22
2033,50,22
2034,52,22
2035,54,22
2036,57,22
2037,58,22
2038,71,22
2039,73,22
2040,74,22
2041,76,22
2042,84,22
2043,87,22
2044,88,22
2045,91,22
2046,93,22
2047,95,22
2048,97,22
2049,98,22
2050,109,22
2051,111,22
2052,112,22
2053,115,22
2054,117,22
2055,119,22
2056,131,22
2057,179,22
2058,180,22
2059,183,22
2060,185,22
2061,187,22
2062,14,11
2063,15,11
2064,17,11
2065,20,11
2066,28,11
2067,42,11
2068,44,11
2069,46,11
2070,48,11
2071,50,11
2072,52,11
2073,54,11
2074,57,11
2075,58,11
2076,179,11
2077,180,11
2078,183,11
2079,185,11
2080,187,11
2081,10,13
2082,11,13
2083,17,13
2084,20,13
2085,25,13
2086,27,13
2087,38,13
2088,40,13
2089,47,13
2090,49,13
2091,51,13
2092,52,13
2093,55,13
2094,56,13
2095,58,13
2096,179,13
2097,181,13
2098,183,13
2099,184,13
2100,187,13
2101,47,14
2102,49,14
2103,51,14
2104,52,14
2105,55,14
2106,57,14
2107,58,14
2108,67,14
2109,68,14
2110,75,14
2111,77,14
2112,83,14
2113,86,14
2114,89,14
2115,90,14
2116,93,14
2117,94,14
2118,96,14
2119,98,14
2120,105,14
2121,108,14
2122,111,14
2123,113,14
2124,115,14
2125,117,14
2126,119,14
2127,127,14
2128,129,14
2129,179,14
2130,180,14
2131,183,14
2132,184,14
2133,187,14
2134,71,101
2135,73,101
2136,84,101
2137,88,101
2138,92,101
2139,109,101
2140,113,101
2141,115,101
2142,116,101
2143,118,101
2144,130,101
2145,179,101
2146,49,80
2147,52,80
2148,58,80
2149,150,80
2150,152,80
2151,159,80
2152,161,80
2153,168,80
2154,171,80
2155,172,80
2156,173,80
2157,175,80
2158,177,80
2159,183,80
2160,186,80
2161,70,83
2162,73,83
2163,75,83
2164,76,83
2165,84,83
2166,87,83
2167,89,83
2168,90,83
2169,93,83
2170,95,83
2171,96,83
2172,98,83
2173,110,83
2174,111,83
2175,113,83
2176,114,83
2177,117,83
2178,118,83
2179,131,83
2180,46,87
2181,48,87
2182,50,87
2183,52,87
2184,55,87
2185,57,87
2186,58,87
2187,136,87
2188,138,87
2189,139,87
2190,141,87
2191,143,87
2192,146,87
2193,147,87
2194,179,87
2195,181,87
2196,183,87
2197,184,87
2198,187,87
