preset_id,display_name,weight,min_pot_flat,max_pot_flat,min_pot_mountain,max_pot_mountain,min_pot_medium_mountain,max_pot_medium_mountain,min_pot_hill,max_pot_hill,min_pot_time_trial,max_pot_time_trial,min_pot_prologue,max_pot_prologue,min_pot_cobble,max_pot_cobble,min_pot_sprint,max_pot_sprint,min_pot_acceleration,max_pot_acceleration,min_pot_downhill,max_pot_downhill,min_pot_attack,max_pot_attack,min_pot_stamina,max_pot_stamina,min_pot_resistance,max_pot_resistance,min_pot_recuperation,max_pot_recuperation,min_pot_bike_handling,max_pot_bike_handling
1,Generelles Sprinter-Potential,68,68,78,60,68,60,68,62,72,60,70,62,72,60,70,75,85,75,85,62,72,62,72,62,72,62,72,62,72,68,78
2,Generelles Sprinter-Potential Mittel,165,65,75,60,66,60,66,62,70,60,68,62,70,60,68,70,80,70,80,62,70,62,70,62,70,62,70,62,70,66,75
3,Hohes Sprinter-Potential,68,72,82,62,70,62,70,64,74,62,72,64,74,62,72,78,85,78,85,64,74,64,74,64,74,64,74,64,74,70,80
4,Generelles Bergfahrer-Potential,119,60,68,75,85,72,82,64,74,60,68,62,70,60,68,60,68,60,68,70,80,72,82,72,82,62,72,64,74,64,74
5,Generelles Bergfahrer-Potential Mittel,165,60,68,70,80,68,78,64,72,60,68,62,70,60,68,60,68,60,68,68,78,70,80,70,80,62,72,64,74,64,74
6,Hohes Bergfahrer-Potential,68,62,70,78,85,75,85,66,76,62,70,64,72,62,70,62,70,62,70,72,82,75,85,75,85,64,74,66,76,66,76
7,Generelles Pflaster-Potential,165,62,72,60,68,62,72,64,74,60,70,62,72,72,82,64,74,64,74,62,72,64,74,66,76,70,80,62,72,72,82
8,Generelles Pflaster-Potential Mittel,138,62,72,60,68,62,70,64,72,60,68,62,70,68,78,64,72,64,72,62,70,64,72,66,74,68,78,62,72,70,80
9,Hohes Pflaster-Potential,68,64,74,62,70,64,74,66,76,62,72,64,74,75,85,66,76,66,76,64,74,66,76,68,78,72,82,64,74,75,85
10,Generelles Zeitfahrer-Potential,165,64,74,60,68,62,70,64,72,75,85,75,85,60,68,62,70,64,72,64,74,62,70,64,74,66,76,64,74,64,74
11,Generelles Zeitfahrer-Potential Mittel,138,64,72,60,68,62,70,64,72,72,82,72,82,60,68,62,70,64,72,64,72,62,70,64,72,66,74,64,72,64,74
12,Hohes Zeitfahrer-Potential,119,66,76,62,70,64,72,66,74,78,85,78,85,62,70,64,72,66,74,66,76,64,72,66,76,68,78,66,76,66,76
13,Generelles Huegel-Potential,119,64,74,64,72,66,76,72,82,62,70,64,72,64,74,64,74,70,80,64,72,68,76,66,76,64,74,64,72,66,76
14,Generelles Huegel-Potential Mittel,165,64,72,64,72,66,74,70,80,62,70,64,72,64,72,64,72,68,78,64,72,66,74,66,74,64,72,64,72,66,74
15,Hohes Huegel-Potential,68,66,76,66,74,68,78,75,85,64,72,66,74,66,76,66,76,72,82,66,74,70,78,68,78,66,76,66,74,68,78
16,Generelles Angreifer-Potential,165,62,72,66,76,66,76,66,76,64,72,66,74,64,74,64,74,66,76,66,76,72,82,66,76,66,76,64,74,68,78
17,Generelles Angreifer-Potential Mittel,138,62,70,64,74,64,74,64,74,64,72,64,72,64,72,64,72,64,74,64,74,70,80,64,74,64,74,64,72,66,76
18,Hohes Angreifer-Potential,119,64,74,68,78,68,78,68,78,66,74,68,76,66,76,66,76,68,78,68,78,75,85,68,78,68,78,66,76,70,80
19,Generelles Allrounder-Potential,165,64,74,64,74,64,74,66,76,64,74,64,74,64,74,64,74,64,74,66,76,68,78,66,76,66,76,64,74,68,78
20,Allrounder Ausgeglichen Mittel,138,62,72,62,72,62,72,64,74,62,72,62,72,62,72,62,72,62,72,64,74,66,76,64,74,64,74,62,72,66,76
21,Niedriges Generelles Potential,138,60,68,60,68,60,68,60,68,60,68,60,68,60,68,60,68,60,68,60,68,60,68,60,68,60,68,60,68,60,68
22,Sehr Hohes Sprinter-Potential,26,75,85,62,72,62,72,64,74,62,72,64,74,62,72,80,85,80,85,64,74,64,74,64,74,64,74,64,74,72,82
23,Sehr Hohes Bergfahrer-Potential,68,60,70,80,85,78,85,66,76,62,72,64,74,60,70,60,70,60,70,74,84,78,85,78,85,64,74,66,76,66,76
24,Sehr Hohes Pflaster-Potential,68,64,74,60,70,64,74,64,74,60,70,62,72,78,85,66,76,66,76,62,72,64,74,68,78,72,82,62,72,78,85
25,Sehr Hohes Zeitfahrer-Potential,165,66,76,60,70,62,72,64,74,80,85,80,85,60,70,62,72,64,74,64,74,62,72,64,74,66,76,64,74,64,74
26,Hybrid Sprint-Berg Potential,68,68,78,68,74,66,76,66,76,62,72,64,74,62,72,72,82,72,82,66,76,66,76,66,76,64,74,64,74,66,76
27,Hybrid Sprint-Pflaster Potential,68,70,80,62,72,64,74,66,76,62,72,64,74,70,80,72,82,72,82,64,74,66,76,68,78,68,78,64,74,72,82
28,Hybrid Berg-Pflaster Potential,119,62,72,70,80,68,78,66,76,62,72,64,74,70,80,62,72,62,72,68,78,70,80,70,80,68,78,64,74,72,82
29,Hybrid Zeitfahrer-Berg Potential,119,64,74,68,78,66,76,66,76,72,82,72,82,62,72,62,72,64,74,68,78,68,78,68,78,66,76,66,76,66,76
30,Hybrid Zeitfahrer-Pflaster Potential,119,68,78,62,72,64,74,68,78,72,82,72,82,68,78,66,76,66,76,66,76,66,76,68,78,68,78,66,76,72,82
31,Junior Top-Talent,68,70,80,66,76,66,76,68,78,66,76,68,78,66,76,70,80,70,80,66,76,68,78,68,78,66,76,66,76,68,78
32,Junior Normal,138,62,72,62,72,62,72,62,72,62,72,62,72,62,72,62,72,62,72,62,72,62,72,62,72,62,72,62,72,62,72
33,Junior Schwach,138,60,66,60,66,60,66,60,66,60,66,60,66,60,66,60,66,60,66,60,66,60,66,60,66,60,66,60,66,60,66
34,Auto Potential 0,68,73,78,75,82,66,76,51,78,57,76,50,53,69,74,67,70,69,74,58,83,64,84,50,71,74,77,66,78,52,65
35,Auto Potential 1,138,69,75,69,75,68,69,65,67,51,80,70,77,61,75,61,75,51,66,52,84,69,83,65,66,64,74,57,74,67,75
36,Auto Potential 2,165,74,85,57,59,54,67,74,78,67,78,50,61,73,81,54,58,70,73,52,76,67,80,69,84,69,84,52,72,61,81
37,Auto Potential 3,165,53,78,64,81,61,71,63,76,70,80,75,76,52,74,54,55,54,84,73,85,62,78,65,70,73,78,68,77,63,75
38,Auto Potential 4,119,72,83,65,74,56,82,58,63,68,73,58,62,75,79,60,75,71,78,73,78,74,80,70,85,73,85,60,69,74,82
39,Auto Potential 5,138,53,81,55,74,51,70,50,60,53,58,64,67,63,76,58,84,56,71,56,82,75,84,60,83,68,78,52,61,62,84
40,Auto Potential 6,165,72,78,58,68,67,73,55,71,65,79,64,70,51,58,66,85,72,85,73,83,55,72,54,66,53,74,71,85,75,76
41,Auto Potential 7,119,61,69,56,74,60,63,53,80,63,82,60,71,52,66,74,83,70,81,51,61,68,85,70,72,53,77,72,79,67,84
42,Auto Potential 8,138,65,75,59,61,68,76,60,77,66,79,68,81,65,80,56,73,64,79,66,72,75,85,57,62,63,79,67,70,60,80
43,Auto Potential 9,119,61,82,69,75,70,72,64,69,75,83,56,69,54,55,74,75,68,82,71,73,59,72,60,81,61,82,67,69,59,76
44,Auto Potential 10,119,54,57,50,80,70,83,75,82,74,79,56,81,54,69,70,74,68,71,71,75,51,65,75,76,63,74,75,77,67,71
45,Auto Potential 11,165,66,84,62,74,69,84,73,80,58,64,55,85,61,66,59,70,73,78,73,78,70,73,52,76,57,79,71,75,60,81
46,Auto Potential 12,165,75,77,74,81,54,69,55,68,58,72,69,82,62,67,56,71,68,73,67,71,52,75,54,75,67,73,73,78,54,75
47,Auto Potential 13,138,67,83,55,62,61,63,70,77,64,68,60,69,58,80,63,76,59,62,56,73,67,81,60,72,58,68,61,81,58,68
48,Auto Potential 14,138,50,70,51,54,64,70,74,83,50,67,54,66,74,83,69,70,55,63,67,84,55,83,73,83,69,81,55,72,50,79
49,Auto Potential 15,165,67,74,65,66,53,76,75,80,58,60,74,78,62,63,57,82,70,72,57,75,57,67,58,63,65,67,51,72,75,85
50,Auto Potential 16,68,64,80,52,74,62,69,66,80,62,71,57,66,74,77,74,82,75,84,63,64,72,76,57,77,66,80,72,85,57,61
51,Auto Potential 17,165,62,70,59,61,59,65,75,79,60,67,60,82,61,64,65,81,62,82,59,82,54,77,65,72,74,77,50,69,65,82
52,Auto Potential 18,119,60,73,70,79,74,79,57,81,56,73,52,55,57,64,60,68,53,80,65,85,63,76,70,75,74,85,63,77,54,65
53,Auto Potential 19,138,62,72,59,70,67,69,65,66,70,84,63,68,51,57,56,85,50,82,51,72,70,81,61,67,57,83,52,63,68,77
54,Auto Potential 20,138,50,60,64,66,57,65,66,80,58,81,65,69,59,63,55,68,69,75,64,68,65,82,68,77,51,75,60,65,59,74
55,Auto Potential 21,119,58,74,75,84,53,70,68,80,56,82,73,78,62,70,61,72,61,65,52,60,72,77,63,78,59,68,51,55,74,84
56,Auto Potential 22,138,67,68,51,56,63,77,72,74,66,73,50,72,68,80,64,71,71,78,55,82,68,77,57,72,70,73,70,81,54,60
57,Auto Potential 23,165,58,70,53,72,72,80,71,79,60,81,62,73,53,56,68,72,65,79,55,68,73,85,66,67,73,76,60,63,63,84
58,Auto Potential 24,26,67,80,72,79,50,51,70,85,56,80,65,80,67,82,62,80,73,85,65,69,54,68,69,72,69,70,56,84,58,85
59,Auto Potential 25,119,59,85,61,67,73,81,69,82,64,77,57,59,57,83,65,74,74,82,75,83,52,77,57,71,61,64,60,66,66,74
60,Auto Potential 26,119,66,73,58,77,50,75,72,85,57,80,72,85,54,76,70,72,65,71,74,80,71,78,61,70,50,77,71,82,55,67
61,Auto Potential 27,138,52,84,62,73,57,84,51,52,50,66,57,69,66,82,60,75,52,59,72,84,50,82,60,64,60,64,53,59,73,77
62,Auto Potential 28,138,68,83,55,71,73,85,57,68,73,83,75,78,62,71,51,58,51,82,63,70,65,82,73,77,67,74,54,66,57,76
63,Auto Potential 29,119,70,81,65,68,70,78,72,82,55,56,64,70,68,83,62,75,60,78,56,71,69,75,53,68,71,81,65,81,50,75
64,Auto Potential 30,68,58,70,70,74,56,79,68,80,65,75,52,71,71,76,74,85,59,62,60,67,54,76,69,73,66,83,70,75,55,83
65,Auto Potential 31,119,52,63,61,83,57,72,60,79,72,82,54,78,71,72,60,72,63,69,73,79,64,72,59,74,66,82,70,80,75,76
66,Auto Potential 32,138,52,66,73,77,55,71,54,79,52,66,54,61,59,78,61,69,50,60,73,83,59,67,55,77,55,59,56,84,75,84
67,Auto Potential 33,119,71,74,54,79,74,78,70,73,69,72,75,79,72,80,60,78,66,67,62,69,54,61,66,75,61,78,54,72,64,85
68,Auto Potential 34,165,50,73,60,72,55,59,73,84,65,80,54,63,68,80,52,68,54,56,52,71,54,71,75,78,52,76,52,53,62,80
69,Auto Potential 35,138,56,77,52,85,50,75,51,64,53,56,66,68,67,69,54,65,69,71,54,75,61,63,71,78,67,84,68,82,54,75
70,Auto Potential 36,119,72,80,57,71,70,79,69,78,64,81,66,71,67,73,72,73,74,76,54,66,61,85,72,73,61,64,74,82,57,67
71,Auto Potential 37,119,66,73,72,74,60,85,53,78,59,63,53,57,60,71,62,81,60,79,70,76,65,75,71,85,74,76,54,71,57,76
72,Auto Potential 38,119,71,78,74,79,61,80,71,77,54,70,57,72,50,76,50,65,67,76,60,63,72,80,52,78,53,63,74,85,57,82
73,Auto Potential 39,68,63,64,59,74,72,82,72,78,64,80,74,76,67,72,75,84,60,82,64,74,59,77,73,80,60,61,72,83,64,68
74,Auto Potential 40,138,53,73,62,74,58,85,58,70,67,68,53,59,63,78,63,64,67,80,65,71,50,71,69,70,57,70,54,60,53,72
75,Auto Potential 41,165,51,78,70,85,67,71,55,77,60,77,73,84,54,58,62,72,50,77,71,80,51,66,57,83,57,66,66,81,54,84
76,Auto Potential 42,119,60,65,53,78,57,71,68,85,75,80,55,65,54,81,56,66,64,68,69,72,56,85,67,83,71,78,75,85,67,71
77,Auto Potential 43,138,56,65,54,57,57,82,67,73,73,74,65,85,52,82,60,76,72,80,75,85,67,79,50,71,71,79,68,72,61,76
78,Auto Potential 44,68,55,62,57,69,73,74,73,83,62,80,70,77,67,80,61,78,69,84,54,77,56,71,52,62,73,85,67,83,62,74
79,Auto Potential 45,138,59,77,50,78,75,78,53,62,51,59,54,56,58,64,61,76,73,79,70,72,55,81,68,75,58,66,71,73,65,82
80,Auto Potential 46,165,62,77,52,63,53,81,72,75,52,65,60,78,55,83,72,85,59,77,73,75,74,81,50,64,54,73,75,83,52,82
81,Auto Potential 47,119,57,80,62,68,73,83,58,79,62,65,53,85,60,84,75,76,69,78,65,84,74,83,75,76,60,78,67,82,70,72
82,Auto Potential 48,68,64,78,57,74,52,68,72,75,56,82,52,70,71,73,72,81,66,83,50,71,68,84,71,82,65,69,71,82,72,80
83,Auto Potential 49,119,75,83,68,70,66,71,55,64,61,70,57,71,71,80,73,83,53,66,64,82,57,58,67,80,71,82,54,60,54,65
84,Auto Potential 50,165,73,76,54,63,53,80,61,65,67,74,75,77,72,77,69,85,59,84,71,84,65,83,56,59,73,84,71,83,51,63
85,Auto Potential 51,165,51,83,73,74,71,77,66,69,60,75,69,73,53,58,64,82,67,68,63,75,57,73,73,75,69,77,62,75,60,77
86,Auto Potential 52,119,73,75,58,78,52,83,51,73,68,77,50,58,64,82,66,79,74,76,56,57,71,83,75,83,56,75,50,66,50,66
87,Auto Potential 53,68,66,69,64,70,63,68,74,80,58,72,61,76,58,66,74,83,72,84,70,79,74,80,51,80,66,73,51,53,51,70
88,Auto Potential 54,119,72,78,64,83,61,85,69,77,66,67,57,79,58,65,65,72,73,82,69,70,52,76,54,75,54,70,65,66,56,81
89,Auto Potential 55,138,66,74,73,77,64,65,52,64,70,73,73,75,50,68,52,62,52,58,60,78,72,84,58,63,71,73,74,82,51,60
90,Auto Potential 56,165,51,58,63,82,72,78,68,82,56,64,57,84,53,63,70,72,64,78,51,67,67,79,51,71,70,78,53,64,70,72
91,Auto Potential 57,138,70,76,58,85,69,74,68,77,54,69,66,70,59,74,58,60,56,68,69,76,66,71,74,81,51,77,70,72,55,81
92,Auto Potential 58,138,57,84,55,67,62,69,64,71,58,68,62,75,62,70,66,81,50,69,55,59,55,78,59,74,73,77,57,68,51,53
93,Auto Potential 59,119,60,76,58,71,75,77,71,77,69,80,63,67,55,70,70,82,64,67,55,81,65,78,54,55,71,84,53,82,52,61
94,Auto Potential 60,138,65,78,51,75,74,82,51,58,61,73,52,68,62,78,52,55,73,77,51,73,65,68,61,67,72,83,59,83,56,73
95,Auto Potential 61,119,63,78,74,74,61,65,64,72,58,76,65,75,73,80,66,85,62,67,70,77,54,82,58,65,51,77,53,72,73,77
96,Auto Potential 62,138,71,74,52,76,63,82,50,73,52,82,59,67,51,81,61,70,58,77,71,76,55,57,53,64,52,77,67,71,65,66
97,Auto Potential 63,165,72,76,56,76,72,78,72,78,75,82,51,60,68,82,50,73,55,61,63,73,50,85,60,66,63,78,68,84,67,85
98,Auto Potential 64,138,58,65,68,81,53,58,71,77,67,80,50,52,56,68,60,65,50,51,56,68,50,78,50,79,52,81,62,69,60,62
99,Auto Potential 65,138,60,82,53,63,69,76,54,70,51,55,71,73,74,77,50,52,57,62,74,80,54,60,56,76,58,84,64,70,59,77
100,Auto Potential 66,165,50,56,66,72,74,76,66,70,62,63,66,80,64,74,72,77,55,65,53,57,75,77,70,83,57,60,55,80,65,78
101,Auto Potential 67,119,53,78,66,83,53,68,61,76,75,79,59,67,60,74,56,72,67,78,68,76,63,73,51,58,51,68,75,83,63,83
102,Auto Potential 68,138,68,73,59,62,61,74,56,73,55,61,69,85,69,72,69,82,61,81,70,80,64,68,73,79,55,62,51,55,71,77
103,Auto Potential 69,138,66,79,71,72,70,79,50,66,64,78,65,83,50,63,50,68,68,69,68,82,57,83,51,82,50,66,61,75,62,64
104,Auto Potential 70,119,52,78,59,85,61,85,72,80,65,82,50,85,60,65,70,72,50,67,66,74,65,83,59,70,64,65,54,79,69,77
105,Auto Potential 71,138,61,72,51,82,66,85,52,66,66,77,71,72,57,65,59,72,67,72,50,72,60,79,57,83,53,78,63,68,54,85
106,Auto Potential 72,68,60,65,67,74,64,76,50,80,63,74,62,79,66,71,70,83,74,82,64,70,50,62,70,77,65,79,72,73,72,75
107,Auto Potential 73,165,51,60,69,70,52,58,57,61,74,79,72,75,61,81,74,80,52,76,55,58,69,84,67,82,57,61,61,64,59,64
108,Auto Potential 74,138,54,85,57,59,54,74,75,83,50,80,73,84,57,61,53,77,51,65,50,80,73,78,72,78,65,85,50,78,50,82
109,Auto Potential 75,138,62,63,50,51,56,61,51,65,63,70,55,84,53,64,72,84,59,76,52,58,52,62,64,74,50,60,68,77,70,74
110,Auto Potential 76,119,68,73,72,75,64,77,70,85,56,58,72,84,67,83,58,79,64,70,51,80,54,61,70,71,54,59,55,85,70,77
111,Auto Potential 77,26,67,78,67,83,74,77,74,81,72,75,67,85,61,74,72,72,75,83,72,81,52,59,55,62,58,65,68,73,51,66
112,Auto Potential 78,119,52,53,62,72,54,76,72,78,59,80,62,81,65,82,72,78,63,72,65,76,62,80,52,60,50,84,57,79,50,73
113,Auto Potential 79,165,63,66,52,80,57,75,69,80,71,78,67,84,50,67,54,70,67,85,62,65,62,73,74,78,75,84,51,77,58,75
114,Auto Potential 80,138,50,58,53,76,69,80,59,60,51,78,50,56,62,75,52,61,50,63,59,60,74,78,55,82,71,79,68,81,59,61
115,Auto Potential 81,165,65,70,58,65,73,74,73,84,61,75,75,76,64,85,66,71,58,76,54,64,65,83,67,77,58,79,53,57,64,72
116,Auto Potential 82,165,50,57,64,85,62,73,61,85,67,80,51,75,63,74,57,65,53,59,55,73,73,85,74,80,55,62,72,76,69,78
117,Auto Potential 83,119,50,71,67,71,54,84,72,74,50,61,57,82,66,83,69,82,71,77,55,83,69,79,59,84,51,83,54,84,62,85
118,Auto Potential 84,165,67,78,56,84,59,73,68,83,65,66,68,73,73,74,61,72,51,52,57,80,68,80,63,67,52,71,50,59,52,56
119,Auto Potential 85,119,64,82,68,72,70,77,68,79,66,76,55,76,60,83,61,77,57,79,51,54,53,63,63,70,51,75,66,78,63,79
120,Auto Potential 86,165,69,79,57,62,75,80,58,67,56,76,71,85,59,62,72,77,69,84,68,78,72,80,66,74,73,81,74,85,70,72
121,Auto Potential 87,119,75,78,60,77,69,77,54,84,68,75,64,79,73,81,58,77,56,81,59,63,68,79,69,73,70,77,56,77,70,74
122,Auto Potential 88,68,56,61,71,83,68,72,70,74,67,82,65,79,64,74,61,72,65,68,75,80,62,70,74,80,72,84,59,80,55,58
123,Auto Potential 89,119,68,78,59,83,65,66,71,80,61,65,58,71,74,74,72,72,65,72,54,63,61,71,59,62,68,82,70,78,60,72
124,Auto Potential 90,119,52,69,75,77,73,79,62,82,59,68,59,77,60,65,53,78,54,82,75,76,61,75,64,83,67,78,60,83,63,81
125,Auto Potential 91,119,74,80,55,66,71,77,75,76,57,72,75,83,54,83,68,83,64,83,75,77,74,79,75,79,73,80,53,62,68,69
126,Auto Potential 92,119,54,61,74,82,56,73,57,71,55,57,60,78,63,74,72,72,66,84,73,76,73,82,69,76,53,83,53,61,55,58
127,Auto Potential 93,165,67,76,55,85,60,65,70,79,56,74,69,71,62,69,63,72,51,78,68,81,73,84,54,61,50,65,72,81,68,77
128,Auto Potential 94,165,53,57,53,57,51,63,67,84,59,80,62,67,72,73,62,68,75,84,69,73,63,74,73,77,55,57,50,55,60,69
129,Auto Potential 95,165,66,78,72,82,50,53,68,83,51,65,70,75,72,74,51,72,50,69,53,84,58,59,56,67,55,81,72,80,60,67
130,Auto Potential 96,68,67,85,71,74,58,85,56,75,50,83,72,81,65,69,75,84,66,80,68,69,54,71,62,65,68,77,67,73,50,84
131,Auto Potential 97,138,65,72,60,68,63,67,58,70,51,61,50,74,68,77,65,66,50,76,71,81,71,82,57,59,74,81,70,71,53,60
132,Auto Potential 98,119,53,72,71,82,58,79,58,63,72,78,74,76,55,69,59,71,72,75,59,81,70,78,69,79,70,78,69,82,62,67
133,Auto Potential 99,119,70,76,69,74,58,64,57,70,69,81,60,74,64,81,74,82,60,63,50,58,73,78,51,62,63,79,63,81,65,80
134,Auto Potential 100,138,52,56,52,65,72,78,54,56,50,64,63,68,53,70,73,84,60,62,71,77,62,80,63,78,75,79,71,76,63,71
135,Auto Potential 101,119,63,76,72,74,72,77,51,52,64,77,56,71,71,73,74,83,62,74,59,69,73,83,62,80,59,65,68,75,71,85
136,Auto Potential 102,165,72,79,53,68,51,83,51,59,74,83,71,80,68,84,61,73,75,85,52,62,63,70,69,73,53,55,53,83,58,59
137,Auto Potential 103,138,63,80,59,65,58,67,70,72,52,69,52,58,73,85,59,65,52,66,51,67,56,66,50,66,63,83,73,84,51,68
138,Auto Potential 104,165,56,85,59,75,59,61,72,74,68,78,63,80,65,67,60,68,61,76,71,81,51,58,75,79,75,80,75,78,67,70
139,Auto Potential 105,138,64,68,58,82,50,70,50,71,55,70,57,67,55,71,69,72,56,80,72,85,62,79,62,76,52,78,75,76,61,77
140,Auto Potential 106,119,65,84,65,70,75,76,75,78,60,62,56,83,53,81,59,76,61,81,51,71,73,74,55,57,70,82,64,81,69,80
141,Auto Potential 107,119,53,67,67,74,62,73,65,67,69,80,59,78,62,74,56,82,64,77,66,71,73,84,59,82,72,82,50,61,52,62
142,Auto Potential 108,119,70,84,71,78,54,57,69,73,56,80,54,55,74,80,52,77,56,69,75,82,67,69,74,83,52,78,69,82,71,79
143,Auto Potential 109,138,56,72,57,64,50,74,59,75,57,73,68,80,72,73,50,54,69,76,51,56,63,81,71,79,68,78,57,80,61,78
144,Auto Potential 110,165,72,84,67,80,61,63,57,84,73,80,57,65,54,73,57,62,50,79,74,78,57,81,67,78,67,71,58,82,64,67
145,Auto Potential 111,138,71,73,53,58,65,81,52,69,67,72,74,85,55,76,59,60,56,74,62,70,54,66,67,78,56,69,71,76,59,76
146,Auto Potential 112,119,71,78,71,84,60,81,54,80,51,77,64,67,62,70,70,72,60,73,52,53,53,85,68,69,59,75,69,72,58,76
147,Auto Potential 113,138,64,75,51,57,51,53,55,61,71,85,67,79,66,74,53,57,57,58,59,72,53,85,70,84,56,71,52,62,73,85
148,Auto Potential 114,119,74,82,66,70,67,78,71,78,55,85,67,82,73,79,59,81,66,69,53,68,62,77,59,62,65,80,59,77,64,66
149,Auto Potential 115,138,72,80,57,69,54,66,52,81,70,71,70,82,73,80,61,62,59,67,69,82,68,84,69,83,51,78,60,77,58,62
150,Auto Potential 116,68,54,78,70,74,54,61,73,78,69,70,69,70,63,69,64,81,74,81,72,81,53,68,53,74,60,83,72,76,67,79
151,Auto Potential 117,165,60,73,60,72,58,63,59,73,71,80,59,80,64,73,54,80,73,75,50,83,73,82,70,84,61,67,72,82,60,62
152,Auto Potential 118,165,68,82,69,77,52,62,63,80,67,80,55,65,54,70,52,54,68,76,67,76,74,84,73,76,64,73,74,80,53,75
153,Auto Potential 119,165,63,65,59,66,58,62,61,84,57,59,74,85,68,82,54,73,75,85,73,84,64,75,71,84,71,78,61,74,65,80
154,Auto Potential 120,165,52,65,71,74,52,76,54,55,74,79,60,64,75,80,58,71,72,74,55,67,70,76,56,66,58,66,51,77,65,74
155,Auto Potential 121,138,73,85,53,55,62,82,54,63,60,70,63,80,69,70,74,79,67,69,61,65,73,77,67,75,56,82,73,75,61,78
156,Auto Potential 122,165,70,71,50,83,51,63,74,77,68,81,54,66,64,74,55,72,64,71,75,81,52,78,61,72,72,77,67,83,57,74
157,Auto Potential 123,138,50,78,55,76,51,71,65,83,65,74,56,77,59,61,62,63,69,73,53,60,67,77,58,78,54,58,63,75,63,73
158,Auto Potential 124,165,59,65,59,84,70,83,68,69,65,73,52,54,71,74,58,66,57,71,54,57,73,81,63,83,59,79,70,81,62,83
159,Auto Potential 125,138,70,84,59,69,63,71,69,78,59,85,64,65,69,84,55,58,53,58,64,82,59,63,52,74,59,75,72,74,50,54
160,Auto Potential 126,165,75,78,57,81,62,64,55,82,55,80,50,55,62,74,68,70,51,82,53,67,57,81,65,72,70,73,66,80,63,70
161,Auto Potential 127,119,59,65,52,74,66,67,50,72,61,78,50,57,66,79,74,83,64,85,65,85,52,53,65,70,66,80,69,76,63,82
162,Auto Potential 128,165,67,69,56,82,68,85,66,73,54,58,55,80,73,74,72,72,52,70,60,66,51,56,69,84,51,52,73,75,63,83
163,Auto Potential 129,138,59,78,73,84,51,60,55,56,65,81,63,78,59,74,53,54,60,65,52,61,70,80,65,85,65,81,68,72,57,80
164,Auto Potential 130,165,75,80,62,70,61,66,57,80,58,74,73,84,51,71,52,81,51,85,54,72,63,67,74,84,73,76,64,78,53,77
165,Auto Potential 131,119,57,82,65,77,51,74,67,75,57,77,69,79,60,73,57,78,67,76,51,75,69,82,67,73,60,83,75,85,67,70
166,Auto Potential 132,68,55,73,63,74,52,65,70,80,59,69,69,72,62,85,75,83,65,72,66,68,68,76,71,75,70,71,54,64,73,76
167,Auto Potential 133,68,52,78,69,79,69,76,67,70,53,73,65,74,58,61,74,77,74,83,70,77,53,69,57,73,70,80,69,73,51,69
168,Auto Potential 134,119,64,69,75,78,54,73,52,76,61,80,75,81,59,71,55,78,72,81,65,84,63,78,61,64,75,77,60,80,55,68
169,Auto Potential 135,68,75,77,55,78,62,74,75,84,72,73,62,78,63,77,52,75,74,82,61,69,60,85,72,79,57,82,54,60,73,83
170,Auto Potential 136,119,57,78,75,85,59,77,61,68,69,75,56,81,64,72,55,59,63,65,56,61,52,68,73,79,73,80,73,80,50,69
171,Auto Potential 137,119,65,74,72,74,61,69,73,74,53,72,75,80,59,60,74,85,56,74,61,66,51,57,51,82,56,58,67,71,51,60
172,Auto Potential 138,138,59,66,72,75,62,74,56,73,71,82,67,78,65,76,52,54,52,68,62,73,51,71,68,78,73,79,63,74,75,81
173,Auto Potential 139,165,57,72,67,82,53,55,59,73,62,82,53,56,61,74,68,71,60,64,68,85,66,85,62,65,74,77,65,76,54,59
174,Auto Potential 140,138,52,78,63,85,61,74,55,56,52,54,66,69,67,74,72,72,56,68,67,70,58,64,57,61,69,81,51,77,68,81
175,Auto Potential 141,138,73,78,52,81,62,81,63,80,51,52,73,76,67,74,57,58,51,56,52,78,50,55,66,69,70,72,55,71,67,75
176,Auto Potential 142,119,73,84,64,73,56,70,68,72,71,77,52,80,55,82,62,81,54,83,67,85,72,83,69,72,58,74,56,71,75,77
177,Auto Potential 143,165,69,72,64,82,59,82,71,79,53,55,68,76,51,74,71,72,50,75,52,82,70,79,62,76,62,64,50,51,52,67
178,Auto Potential 144,138,57,75,63,84,65,84,58,68,66,68,60,64,53,62,52,60,50,84,63,68,71,81,72,80,73,74,61,83,52,78
179,Auto Potential 145,165,67,80,72,74,53,62,50,74,66,80,70,84,71,74,54,85,64,67,70,73,66,71,57,75,73,81,50,59,55,56
180,Auto Potential 146,165,68,75,57,84,57,67,68,83,73,75,55,61,53,56,63,72,64,81,69,80,62,85,68,73,60,73,64,83,59,77
181,Auto Potential 147,165,69,78,51,81,67,82,64,85,52,55,67,83,73,74,64,68,70,75,56,64,53,81,58,71,70,79,50,52,75,77
182,Auto Potential 148,138,63,84,54,71,64,67,57,82,61,72,75,82,64,78,57,64,57,81,72,82,65,78,53,68,68,80,66,67,51,70
183,Auto Potential 149,165,58,64,65,73,55,62,67,68,69,71,67,83,65,74,57,83,69,72,56,81,75,79,74,78,73,77,55,60,63,69
184,Auto Potential 150,119,54,56,72,81,66,84,57,65,55,76,55,82,51,74,56,66,72,85,54,57,61,65,55,66,54,77,74,84,60,84
185,Auto Potential 151,119,64,85,62,68,59,67,68,85,75,80,54,77,55,60,65,79,68,69,73,76,58,71,67,77,54,75,68,80,63,68
186,Auto Potential 152,165,55,56,74,84,59,72,63,78,50,72,55,78,56,74,72,72,52,60,66,81,69,80,60,66,50,51,50,53,69,71
187,Auto Potential 153,119,52,53,62,72,55,70,62,69,72,81,54,85,74,77,67,70,75,79,62,65,56,71,70,82,59,66,75,76,75,78
188,Auto Potential 154,165,56,70,54,71,62,81,72,80,66,77,57,59,59,64,53,83,75,81,53,63,62,72,51,66,60,85,65,81,55,80
189,Auto Potential 155,138,66,79,51,62,50,82,64,83,70,79,73,74,56,76,52,56,72,75,71,80,55,60,72,84,54,82,60,67,66,70
190,Auto Potential 156,165,61,75,67,85,51,74,58,63,63,81,64,72,66,74,59,72,64,66,66,78,72,80,75,76,61,70,69,84,61,67
191,Auto Potential 157,119,71,78,56,72,72,85,64,80,53,77,57,58,75,79,53,82,67,79,65,85,57,82,74,81,64,69,61,71,72,73
192,Auto Potential 158,165,55,67,66,80,66,85,58,78,52,56,69,78,69,81,68,70,53,74,51,74,63,83,66,69,75,76,71,83,63,80
193,Auto Potential 159,165,50,64,57,65,70,73,64,70,56,67,72,80,64,67,73,84,72,75,58,69,63,66,64,66,63,83,55,72,55,85
194,Auto Potential 160,138,63,66,51,84,68,79,72,77,58,62,50,73,55,57,56,72,56,76,72,74,61,66,73,75,53,64,52,83,62,66
195,Auto Potential 161,68,58,69,64,76,65,78,73,84,64,68,59,72,75,81,64,80,59,61,53,84,56,65,73,75,54,83,67,83,75,85
196,Auto Potential 162,165,62,80,60,64,62,83,69,83,58,80,67,77,75,78,51,55,62,76,52,80,51,65,73,82,66,69,57,80,55,64
197,Auto Potential 163,138,66,81,63,69,66,81,56,59,60,78,55,74,68,85,53,55,55,75,62,77,68,79,68,72,52,66,58,62,67,83
198,Auto Potential 164,119,58,61,65,68,57,61,52,79,72,73,53,69,72,73,70,82,68,82,73,77,73,78,69,79,52,85,57,70,59,70
199,Auto Potential 165,138,66,78,74,84,56,72,54,67,52,82,56,68,60,68,54,58,50,69,74,77,71,75,63,85,66,85,52,59,57,84
200,Auto Potential 166,165,74,78,66,83,62,79,69,71,68,78,58,75,51,74,58,59,68,79,60,74,64,74,60,84,53,85,60,64,73,82
201,Auto Potential 167,138,72,81,56,80,66,79,54,70,52,85,50,54,68,73,53,72,69,73,63,75,52,85,60,79,52,83,52,59,66,79
202,Auto Potential 168,119,60,73,72,73,59,83,51,68,53,62,69,73,75,84,67,82,72,76,69,76,55,57,58,82,50,84,57,70,61,78
203,Auto Potential 169,119,54,85,72,76,74,84,56,84,71,75,59,62,54,81,70,77,55,56,60,65,52,67,61,75,66,77,75,77,65,73
204,Auto Potential 170,165,74,78,57,82,70,71,53,79,58,60,54,55,64,68,71,72,58,82,73,83,62,69,61,79,59,69,65,72,69,79
205,Auto Potential 171,138,56,78,53,54,62,68,66,80,57,61,75,81,60,85,58,70,50,58,64,74,53,63,68,79,55,75,58,76,61,74
206,Auto Potential 172,138,55,82,59,62,67,71,50,80,57,66,71,82,62,68,58,85,73,74,72,83,61,84,55,83,67,75,57,69,52,80
207,Auto Potential 173,119,71,72,59,84,53,57,71,83,55,75,60,79,60,73,72,72,64,76,73,76,74,76,54,71,66,69,52,63,61,67
208,Auto Potential 174,138,51,76,62,83,63,69,55,58,67,80,60,72,64,67,54,66,62,81,56,58,68,81,54,55,69,80,59,67,58,72
209,Auto Potential 175,165,54,74,52,54,62,67,71,83,73,75,59,68,70,72,67,76,73,84,62,64,66,73,61,84,70,78,56,72,70,80
210,Auto Potential 176,68,54,64,65,67,67,72,52,80,67,82,73,79,71,83,74,85,69,80,59,69,55,59,62,77,50,75,54,76,73,85
211,Auto Potential 177,165,54,62,69,74,74,75,50,70,56,64,51,56,60,78,66,85,53,78,53,56,61,78,56,75,69,79,57,72,70,76
212,Auto Potential 178,165,63,64,67,77,75,81,52,63,52,61,72,78,56,62,63,72,71,81,53,72,60,78,71,84,68,84,55,80,75,82
213,Auto Potential 179,119,58,64,69,84,66,81,56,76,52,56,60,61,50,74,62,70,75,78,72,81,53,64,71,80,71,75,75,85,53,66
214,Auto Potential 180,119,61,64,71,79,72,82,74,76,55,61,58,83,68,79,59,80,54,74,63,77,69,75,63,81,63,77,60,81,65,76
215,Auto Potential 181,68,69,75,70,84,75,83,67,84,67,80,67,77,67,74,52,72,72,78,52,82,72,82,65,70,72,83,57,83,73,75
216,Auto Potential 182,138,72,76,53,79,55,79,58,71,56,64,67,78,55,84,53,66,66,71,62,73,58,62,73,80,67,71,74,80,70,84
217,Auto Potential 183,165,51,84,63,74,75,77,56,79,53,56,66,68,72,82,58,64,71,79,58,82,56,61,52,64,67,85,69,79,54,61
218,Auto Potential 184,165,56,73,68,77,51,69,62,65,56,83,71,83,63,76,58,77,54,75,51,72,55,60,57,60,58,72,74,77,66,74
219,Auto Potential 185,138,63,76,58,83,71,77,54,62,51,82,73,77,69,74,56,59,67,85,63,69,63,85,66,67,57,58,67,69,63,80
220,Auto Potential 186,165,54,62,57,82,50,75,54,85,73,75,73,79,67,69,51,72,66,85,64,67,56,67,74,81,60,77,57,70,70,72
221,Auto Potential 187,138,62,79,55,72,65,68,61,73,68,69,52,66,56,61,55,83,70,81,55,69,51,83,54,67,53,66,59,61,71,74
222,Auto Potential 188,119,58,67,69,73,71,82,55,68,50,78,71,78,71,83,68,78,55,69,74,77,70,77,59,63,75,82,59,74,61,62
223,Auto Potential 189,119,61,85,62,75,50,79,62,66,69,82,71,74,63,76,72,75,75,82,63,76,67,81,52,58,56,84,63,69,62,66
224,Auto Potential 190,119,72,73,72,73,66,76,68,84,54,59,64,69,62,70,69,70,69,73,50,51,61,75,73,84,53,55,70,72,71,79
225,Auto Potential 191,138,50,80,67,68,74,84,52,61,62,65,66,75,75,76,50,78,53,72,57,63,75,78,63,65,56,62,54,67,58,80
226,Auto Potential 192,165,74,78,56,63,50,54,71,79,60,79,65,82,59,80,71,74,51,81,63,83,69,78,59,79,70,82,64,83,62,71
227,Auto Potential 193,138,60,62,56,59,54,64,72,73,74,79,57,68,58,63,63,66,74,76,72,84,53,58,73,79,52,75,60,83,65,68
228,Auto Potential 194,165,68,84,58,64,59,79,56,68,63,76,57,74,69,72,69,77,64,72,50,76,69,83,67,68,58,67,74,82,71,82
229,Auto Potential 195,138,71,78,55,72,63,75,57,85,63,68,56,59,74,85,58,62,51,68,61,64,52,68,63,68,66,82,54,78,59,64
230,Auto Potential 196,138,66,76,62,80,51,65,71,73,59,67,69,79,50,62,56,72,65,80,72,73,53,70,61,77,65,68,61,80,57,76
231,Auto Potential 197,138,54,73,58,59,70,80,58,83,60,80,69,73,54,73,65,79,73,76,72,76,61,75,60,83,60,75,64,67,52,83
232,Auto Potential 198,165,62,74,55,69,57,72,58,68,57,77,69,80,69,81,71,84,56,74,52,64,51,75,69,82,58,68,66,71,71,76
233,Auto Potential 199,119,68,78,60,66,61,85,71,83,59,63,61,85,68,84,73,74,73,82,60,71,53,64,51,74,71,82,58,61,64,68
234,Spitze S Bergfahrer 1,26,59,69,80,85,80,85,66,76,61,71,64,74,61,71,61,71,61,71,74,84,80,85,80,85,62,72,66,76,65,75
235,Spitze S Bergfahrer 2,26,59,69,80,85,80,85,64,74,63,73,62,72,61,71,61,71,61,71,75,85,80,85,80,85,63,73,65,75,67,77
236,Spitze S Bergfahrer 3,26,61,71,80,85,80,85,65,75,62,72,62,72,61,71,62,72,61,71,71,81,80,85,80,85,64,74,66,76,65,75
237,Spitze S Bergfahrer 4,26,60,70,80,85,80,85,67,77,64,74,63,73,61,71,61,71,61,71,74,84,80,85,80,85,64,74,67,77,67,77
238,Spitze S Bergfahrer 5,26,63,73,80,85,80,85,65,75,62,72,65,75,61,71,62,72,61,71,73,83,80,85,80,85,64,74,65,75,66,76
239,Spitze S Bergfahrer 6,26,61,71,80,85,80,85,68,78,61,71,63,73,62,72,61,71,63,73,75,85,80,85,80,85,65,75,65,75,67,77
240,Spitze S Bergfahrer 7,26,61,71,80,85,80,85,68,78,65,75,63,73,61,71,61,71,63,73,73,83,80,85,80,85,65,75,67,77,70,80
241,Spitze A Bergfahrer 1,68,56,66,77,82,77,82,61,71,61,71,61,71,61,71,61,71,61,71,69,79,77,82,77,82,60,70,65,75,62,72
242,Spitze A Bergfahrer 2,68,57,67,77,82,77,82,61,71,61,71,61,71,61,71,61,71,61,71,70,80,77,82,77,82,59,69,62,72,63,73
243,Spitze A Bergfahrer 3,68,56,66,77,82,77,82,64,74,61,71,61,71,61,71,61,71,61,71,70,80,77,82,77,82,63,73,62,72,63,73
244,Spitze A Bergfahrer 4,68,55,65,77,82,77,82,62,72,61,71,61,71,61,71,61,71,61,71,71,81,77,82,77,82,60,70,63,73,62,72
245,Spitze A Bergfahrer 5,68,59,69,77,82,77,82,62,72,61,71,61,71,61,71,61,71,61,71,72,82,77,82,77,82,63,73,63,73,63,73
246,Spitze A Bergfahrer 6,68,57,67,78,83,78,83,62,72,61,71,61,71,61,71,61,71,61,71,72,82,78,83,78,83,63,73,66,76,63,73
247,Spitze A Bergfahrer 7,68,59,69,78,83,78,83,62,72,61,71,61,71,61,71,61,71,61,71,72,82,78,83,78,83,62,72,63,73,64,74
248,Spitze A Bergfahrer 8,68,57,67,78,83,78,83,62,72,61,71,61,71,61,71,61,71,61,71,71,81,78,83,78,83,62,72,65,75,63,73
249,Spitze A Bergfahrer 9,68,59,69,78,83,78,83,63,73,61,71,61,71,61,71,61,71,61,71,73,83,78,83,78,83,62,72,65,75,65,75
250,Spitze A Bergfahrer 10,68,59,69,78,83,78,83,63,73,61,71,61,71,61,71,61,71,61,71,72,82,78,83,78,83,60,70,64,74,63,73
251,Spitze A Bergfahrer 11,68,58,68,78,83,78,83,64,74,62,72,61,71,61,71,61,71,61,71,72,82,78,83,78,83,62,72,63,73,62,72
252,Spitze A Bergfahrer 12,68,59,69,78,83,78,83,63,73,62,72,61,71,61,71,61,71,61,71,71,81,78,83,78,83,63,73,63,73,65,75
253,Spitze A Bergfahrer 13,68,57,67,78,83,78,83,65,75,61,71,61,71,61,71,61,71,61,71,71,81,78,83,78,83,64,74,66,76,64,74
254,Spitze A Bergfahrer 14,68,61,71,79,84,79,84,66,76,63,73,62,72,61,71,61,71,61,71,72,82,79,84,79,84,63,73,64,74,65,75
255,Spitze A Bergfahrer 15,68,58,68,79,84,79,84,63,73,61,71,61,71,61,71,61,71,61,71,73,83,79,84,79,84,62,72,65,75,65,75
256,Spitze A Bergfahrer 16,68,60,70,79,84,79,84,65,75,62,72,62,72,61,71,61,71,61,71,72,82,79,84,79,84,63,73,66,76,64,74
257,Spitze S Klassiker 1,26,69,79,65,75,68,78,80,85,62,72,67,77,68,78,67,77,72,82,67,77,75,85,70,80,67,77,66,76,71,81
258,Spitze S Klassiker 2,26,65,75,65,75,68,78,80,85,65,75,66,76,67,77,68,78,71,81,64,74,74,84,69,79,66,76,63,73,68,78
259,Spitze S Klassiker 3,26,66,76,64,74,70,80,80,85,64,74,64,74,69,79,65,75,72,82,64,74,75,85,67,77,67,77,63,73,68,78
260,Spitze S Klassiker 4,26,67,77,67,77,67,77,80,85,64,74,64,74,65,75,67,77,72,82,64,74,72,82,69,79,66,76,65,75,68,78
261,Spitze S Klassiker 5,26,67,77,66,76,68,78,80,85,63,73,65,75,69,79,67,77,73,83,64,74,75,85,68,78,68,78,66,76,70,80
262,Spitze S Klassiker 6,26,67,77,64,74,72,82,80,85,66,76,66,76,68,78,68,78,73,83,67,77,75,85,71,81,69,79,67,77,71,81
263,Spitze A Klassiker 1,68,63,73,64,74,67,77,79,84,61,71,65,75,64,74,66,76,69,79,62,72,73,83,66,76,67,77,62,72,68,78
264,Spitze A Klassiker 2,68,65,75,62,72,67,77,78,83,61,71,61,71,66,76,63,73,71,81,63,73,70,80,65,75,65,75,61,71,64,74
265,Spitze A Klassiker 3,68,62,72,61,71,66,76,78,83,61,71,63,73,65,75,66,76,71,81,62,72,70,80,65,75,65,75,61,71,67,77
266,Spitze A Klassiker 4,68,65,75,61,71,68,78,79,84,63,73,61,71,66,76,63,73,71,81,64,74,71,81,69,79,66,76,65,75,68,78
267,Spitze A Klassiker 5,68,63,73,63,73,68,78,78,83,61,71,63,73,62,72,64,74,70,80,63,73,70,80,65,75,65,75,63,73,66,76
268,Spitze A Klassiker 6,68,64,74,63,73,68,78,78,83,61,71,61,71,63,73,66,76,70,80,61,71,71,81,65,75,62,72,60,70,67,77
269,Spitze A Klassiker 7,68,66,76,61,71,66,76,79,84,62,72,64,74,66,76,64,74,71,81,64,74,72,82,68,78,64,74,62,72,69,79
270,Spitze A Klassiker 8,68,64,74,63,73,67,77,78,83,61,71,63,73,64,74,64,74,72,82,61,71,69,79,65,75,63,73,60,70,68,78
271,Spitze A Klassiker 9,68,63,73,63,73,67,77,79,84,61,71,62,72,66,76,64,74,70,80,61,71,71,81,65,75,66,76,63,73,69,79
272,Spitze A Klassiker 10,68,67,77,63,73,69,79,80,85,61,71,63,73,64,74,65,75,71,81,63,73,72,82,69,79,67,77,63,73,68,78
273,Spitze A Klassiker 11,68,64,74,63,73,67,77,79,84,62,72,63,73,66,76,65,75,70,80,64,74,73,83,65,75,64,74,65,75,66,76
274,Spitze A Klassiker 12,68,64,74,62,72,67,77,80,85,64,74,64,74,65,75,64,74,74,84,62,72,74,84,70,80,65,75,63,73,68,78
275,Spitze A Klassiker 13,68,65,75,64,74,70,80,80,85,63,73,62,72,64,74,66,76,71,81,66,76,71,81,67,77,65,75,63,73,69,79
276,Spitze S Sprinter 1,26,80,85,61,71,60,70,65,75,61,71,65,75,63,73,80,85,80,85,63,73,64,74,64,74,66,76,65,75,72,82
277,Spitze S Sprinter 2,26,80,85,62,72,61,71,64,74,64,74,64,74,61,71,80,85,80,85,65,75,63,73,64,74,64,74,65,75,72,82
278,Spitze S Sprinter 3,26,79,84,63,73,61,71,65,75,61,71,61,71,61,71,79,84,79,84,62,72,62,72,62,72,63,73,61,71,72,82
279,Spitze S Sprinter 4,26,80,85,63,73,63,73,65,75,63,73,64,74,62,72,80,85,80,85,63,73,64,74,65,75,65,75,64,74,71,81
280,Spitze S Sprinter 5,26,80,85,62,72,63,73,64,74,63,73,64,74,62,72,80,85,80,85,64,74,64,74,64,74,66,76,63,73,74,84
281,Spitze S Sprinter 6,26,80,85,63,73,64,74,65,75,63,73,64,74,64,74,80,85,80,85,66,76,67,77,64,74,68,78,65,75,73,83
282,Spitze A Sprinter 1,68,77,82,61,71,59,69,63,73,61,71,63,73,61,71,77,82,77,82,62,72,63,73,62,72,62,72,62,72,67,77
283,Spitze A Sprinter 2,68,77,82,61,71,61,71,61,71,61,71,62,72,61,71,77,82,77,82,62,72,61,71,59,69,61,71,61,71,68,78
284,Spitze A Sprinter 3,68,77,82,61,71,60,70,60,70,61,71,62,72,61,71,77,82,77,82,62,72,59,69,59,69,59,69,59,69,68,78
285,Spitze A Sprinter 4,68,77,82,61,71,59,69,60,70,61,71,61,71,61,71,77,82,77,82,60,70,61,71,62,72,63,73,63,73,70,80
286,Spitze A Sprinter 5,68,78,83,61,71,60,70,61,71,61,71,63,73,61,71,78,83,78,83,62,72,63,73,61,71,64,74,62,72,71,81
287,Spitze A Sprinter 6,68,78,83,61,71,59,69,62,72,61,71,61,71,61,71,78,83,78,83,63,73,61,71,61,71,61,71,62,72,71,81
288,Spitze A Sprinter 7,68,78,83,61,71,62,72,61,71,61,71,63,73,61,71,78,83,78,83,61,71,63,73,64,74,61,71,63,73,69,79
289,Spitze A Sprinter 8,68,78,83,61,71,61,71,62,72,62,72,64,74,61,71,78,83,78,83,61,71,63,73,60,70,63,73,63,73,69,79
290,Spitze A Sprinter 9,68,78,83,61,71,59,69,63,73,61,71,64,74,61,71,78,83,78,83,61,71,63,73,63,73,61,71,62,72,72,82
291,Spitze A Sprinter 10,68,78,83,62,72,62,72,62,72,61,71,63,73,61,71,78,83,78,83,61,71,63,73,61,71,62,72,60,70,70,80
292,Spitze A Sprinter 11,68,79,84,63,73,60,70,62,72,61,71,61,71,61,71,79,84,79,84,64,74,62,72,63,73,63,73,64,74,73,83
293,Spitze A Sprinter 12,68,79,84,62,72,61,71,61,71,61,71,65,75,63,73,79,84,79,84,64,74,63,73,62,72,62,72,62,72,71,81
294,Spitze S Rundfahrer 1,26,65,75,78,83,70,80,68,78,68,78,66,76,61,71,61,71,63,73,66,76,69,79,78,83,66,76,69,79,63,73
295,Spitze S Rundfahrer 2,26,66,76,78,83,70,80,67,77,70,80,66,76,62,72,61,71,64,74,66,76,72,82,78,83,69,79,68,78,63,73
296,Spitze S Rundfahrer 3,26,65,75,78,83,71,81,68,78,69,79,68,78,64,74,62,72,64,74,65,75,70,80,78,83,69,79,68,78,66,76
297,Spitze S Rundfahrer 4,10,68,78,79,84,70,80,71,81,70,80,69,79,64,74,61,71,64,74,66,76,70,80,79,84,70,80,69,79,64,74
298,Spitze S Rundfahrer 5,10,65,75,79,84,73,83,70,80,71,81,66,76,62,72,62,72,67,77,69,79,71,81,79,84,70,80,68,78,64,74
299,Spitze S Rundfahrer 6,10,68,78,80,85,73,83,69,79,72,82,70,80,63,73,62,72,67,77,70,80,71,81,80,85,72,82,72,82,68,78
300,Spitze S Rundfahrer 7,10,68,78,80,85,75,85,72,82,70,80,69,79,64,74,62,72,67,77,69,79,75,85,80,85,74,84,72,82,69,79
301,Spitze A Rundfahrer 1,68,64,74,75,80,67,77,64,74,67,77,63,73,61,71,61,71,62,72,62,72,67,77,75,80,64,74,63,73,60,70
302,Spitze A Rundfahrer 2,68,61,71,75,80,67,77,64,74,66,76,64,74,61,71,61,71,63,73,61,71,67,77,75,80,66,76,66,76,61,71
303,Spitze A Rundfahrer 3,68,62,72,75,80,68,78,63,73,69,79,63,73,61,71,61,71,62,72,65,75,66,76,75,80,66,76,66,76,62,72
304,Spitze A Rundfahrer 4,68,63,73,75,80,69,79,64,74,68,78,64,74,61,71,61,71,62,72,62,72,66,76,75,80,64,74,66,76,60,70
305,Spitze A Rundfahrer 5,68,65,75,76,81,70,80,66,76,69,79,64,74,62,72,61,71,61,71,64,74,68,78,76,81,65,75,68,78,60,70
306,Spitze A Rundfahrer 6,68,62,72,76,81,67,77,68,78,68,78,63,73,61,71,61,71,61,71,64,74,70,80,76,81,65,75,65,75,61,71
307,Spitze A Rundfahrer 7,68,64,74,76,81,70,80,65,75,68,78,64,74,62,72,61,71,61,71,65,75,69,79,76,81,65,75,65,75,61,71
308,Spitze A Rundfahrer 8,68,65,75,77,82,71,81,65,75,68,78,65,75,63,73,61,71,61,71,67,77,69,79,77,82,65,75,67,77,63,73
309,Spitze A Rundfahrer 9,68,65,75,77,82,69,79,66,76,69,79,64,74,63,73,61,71,64,74,63,73,67,77,77,82,66,76,68,78,64,74
310,Spitze A Rundfahrer 10,68,65,75,77,82,71,81,67,77,69,79,66,76,61,71,61,71,64,74,64,74,67,77,77,82,68,78,68,78,63,73
311,Spitze A Rundfahrer 11,68,63,73,77,82,71,81,65,75,67,77,64,74,61,71,61,71,61,71,65,75,69,79,77,82,68,78,69,79,65,75
312,Spitze A Rundfahrer 12,68,66,76,77,82,71,81,66,76,68,78,66,76,61,71,61,71,62,72,64,74,70,80,77,82,68,78,68,78,63,73
313,Spitze S Pflasterfahrer 1,26,75,85,61,71,59,69,64,74,64,74,61,71,80,85,68,78,69,79,66,76,69,79,66,76,80,85,62,72,72,82
314,Spitze S Pflasterfahrer 2,26,75,85,61,71,62,72,63,73,64,74,62,72,80,85,71,81,68,78,67,77,73,83,66,76,80,85,61,71,73,83
315,Spitze S Pflasterfahrer 3,26,71,81,61,71,59,69,63,73,63,73,63,73,80,85,70,80,70,80,64,74,72,82,68,78,80,85,61,71,72,82
316,Spitze S Pflasterfahrer 4,26,72,82,61,71,62,72,65,75,66,76,61,71,80,85,69,79,70,80,66,76,70,80,69,79,80,85,63,73,73,83
317,Spitze A Pflasterfahrer 1,68,69,79,61,71,59,69,63,73,63,73,61,71,78,83,66,76,65,75,66,76,67,77,65,75,78,83,61,71,69,79
318,Spitze A Pflasterfahrer 2,68,70,80,61,71,59,69,61,71,62,72,62,72,79,84,65,75,66,76,67,77,70,80,64,74,79,84,61,71,71,81
319,Spitze A Pflasterfahrer 3,68,71,81,61,71,60,70,61,71,62,72,61,71,79,84,68,78,67,77,64,74,70,80,64,74,79,84,62,72,72,82
320,Spitze A Pflasterfahrer 4,68,71,81,61,71,59,69,62,72,62,72,61,71,78,83,68,78,65,75,64,74,69,79,63,73,78,83,60,70,72,82
321,Spitze A Pflasterfahrer 5,68,74,84,61,71,59,69,65,75,64,74,61,71,79,84,66,76,69,79,65,75,71,81,63,73,79,84,62,72,72,82
322,Spitze A Pflasterfahrer 6,68,73,83,61,71,59,69,63,73,62,72,63,73,79,84,66,76,68,78,64,74,70,80,65,75,79,84,61,71,70,80
323,Spitze A Pflasterfahrer 7,68,72,82,61,71,61,71,62,72,64,74,63,73,80,85,69,79,66,76,68,78,70,80,67,77,80,85,60,70,74,84
324,Spitze A Pflasterfahrer 8,68,73,83,61,71,59,69,62,72,63,73,61,71,79,84,69,79,66,76,66,76,71,81,67,77,79,84,61,71,73,83
325,Spitze A Zeitfahrer 1,68,80,85,61,71,62,72,62,72,80,85,80,85,63,73,61,71,63,73,65,75,63,73,68,78,68,78,64,74,66,76
326,Spitze A Zeitfahrer 2,68,79,84,61,71,60,70,62,72,79,84,79,84,64,74,61,71,65,75,64,74,61,71,67,77,68,78,62,72,65,75
327,Spitze A Zeitfahrer 3,68,80,85,61,71,63,73,63,73,80,85,80,85,63,73,62,72,64,74,64,74,60,70,68,78,69,79,65,75,64,74
328,Spitze A Zeitfahrer 4,68,80,85,61,71,64,74,63,73,80,85,80,85,64,74,61,71,64,74,66,76,62,72,70,80,70,80,65,75,66,76
329,Spitze A Zeitfahrer 5,68,80,85,61,71,62,72,65,75,80,85,80,85,64,74,61,71,64,74,65,75,61,71,66,76,69,79,64,74,64,74
330,Spitze A Zeitfahrer 6,68,80,85,62,72,62,72,63,73,80,85,80,85,65,75,61,71,63,73,66,76,62,72,70,80,71,81,63,73,66,76
331,Spitze A Zeitfahrer 7,68,80,85,61,71,65,75,66,76,80,85,80,85,64,74,63,73,65,75,68,78,65,75,68,78,72,82,67,77,66,76
332,Spitze A Zeitfahrer 8,68,80,85,61,71,64,74,67,77,80,85,80,85,66,76,61,71,66,76,66,76,63,73,70,80,71,81,64,74,67,77
333,Spitze A Zeitfahrer 9,68,80,85,64,74,63,73,64,74,80,85,80,85,65,75,61,71,64,74,67,77,62,72,68,78,71,81,65,75,66,76
334,Spitze A Zeitfahrer 10,68,80,85,61,71,65,75,66,76,80,85,80,85,66,76,64,74,67,77,68,78,64,74,70,80,72,82,65,75,68,78
335,Spitze A Zeitfahrer 11,68,80,85,61,71,64,74,65,75,80,85,80,85,66,76,64,74,67,77,70,80,65,75,69,79,71,81,67,77,67,77
336,Spitze A Zeitfahrer 12,68,80,85,62,72,64,74,68,78,80,85,80,85,67,77,63,73,64,74,70,80,65,75,70,80,71,81,65,75,67,77
337,Spitze S+ Kapitaen 1,10,66,76,80,85,74,84,70,80,72,82,67,77,63,73,61,71,65,75,66,76,71,81,73,83,71,81,70,80,64,74
338,Spitze S+ Kapitaen 2,10,66,76,80,85,72,82,72,82,70,80,66,76,61,71,61,71,66,76,67,77,70,80,75,85,68,78,68,78,65,75
339,Spitze S+ Kapitaen 3,10,67,77,80,85,75,85,73,83,70,80,65,75,62,72,61,71,65,75,68,78,72,82,75,85,72,82,70,80,63,73
340,Spitze S+ Kapitaen 4,10,67,77,80,85,75,85,69,79,70,80,67,77,62,72,62,72,65,75,68,78,69,79,74,84,70,80,70,80,63,73
341,Spitze S+ Kapitaen 5,10,67,77,80,85,72,82,73,83,70,80,67,77,61,71,61,71,64,74,66,76,70,80,74,84,69,79,69,79,64,74
342,Spitze S+ Kapitaen 6,10,66,76,80,85,75,85,70,80,72,82,66,76,63,73,61,71,64,74,70,80,70,80,74,84,69,79,70,80,63,73
343,Spitze S+ Kapitaen 7,10,65,75,80,85,73,83,71,81,70,80,68,78,62,72,62,72,65,75,67,77,71,81,73,83,70,80,71,81,63,73
344,Spitze S+ Kapitaen 8,10,68,78,80,85,73,83,72,82,70,80,67,77,64,74,61,71,66,76,70,80,71,81,74,84,69,79,71,81,66,76
345,Spitze S+ Kapitaen 9,10,68,78,80,85,72,82,71,81,70,80,65,75,62,72,61,71,65,75,68,78,70,80,74,84,69,79,70,80,63,73
346,Spitze S+ Kapitaen 10,10,68,78,80,85,73,83,71,81,70,80,64,74,63,73,61,71,66,76,68,78,72,82,75,85,72,82,71,81,64,74
347,Spitze S+ Kapitaen 11,10,67,77,80,85,74,84,73,83,70,80,67,77,62,72,61,71,65,75,68,78,70,80,72,82,70,80,69,79,66,76
348,Spitze S+ Kapitaen 12,10,68,78,80,85,73,83,73,83,70,80,68,78,62,72,61,71,64,74,69,79,70,80,75,85,70,80,69,79,66,76
349,Spitze S+ Kapitaen 13,10,66,76,80,85,75,85,71,81,70,80,64,74,61,71,61,71,64,74,70,80,73,83,74,84,70,80,72,82,65,75
350,Spitze S+ Kapitaen 14,10,68,78,80,85,75,85,73,83,70,80,64,74,61,71,61,71,64,74,68,78,70,80,74,84,72,82,71,81,64,74
351,Spitze S+ Kapitaen 15,10,66,76,80,85,72,82,73,83,70,80,66,76,62,72,61,71,63,73,69,79,71,81,75,85,71,81,71,81,65,75
352,Spitze S+ Kapitaen 16,10,68,78,80,85,74,84,72,82,70,80,65,75,64,74,61,71,65,75,69,79,70,80,73,83,71,81,69,79,62,72
353,Spitze S+ Kapitaen 17,10,65,75,80,85,73,83,71,81,70,80,67,77,63,73,62,72,65,75,68,78,70,80,73,83,71,81,69,79,65,75
354,Spitze S+ Kapitaen 18,10,67,77,80,85,72,82,72,82,70,80,64,74,63,73,61,71,64,74,69,79,70,80,75,85,71,81,72,82,65,75
355,Spitze S+ Kapitaen 19,10,66,76,80,85,75,85,73,83,70,80,67,77,61,71,61,71,64,74,69,79,70,80,73,83,71,81,71,81,64,74
356,Spitze S+ Kapitaen 20,10,67,77,80,85,75,85,73,83,70,80,64,74,61,71,62,72,64,74,67,77,71,81,73,83,68,78,68,78,65,75
357,Spitze S+ Kapitaen 21,10,68,78,80,85,72,82,70,80,71,81,67,77,63,73,61,71,64,74,69,79,71,81,75,85,69,79,69,79,66,76
358,Spitze S+ Kapitaen 22,10,67,77,80,85,75,85,72,82,68,78,67,77,62,72,61,71,66,76,67,77,69,79,73,83,69,79,68,78,66,76
359,Spitze S+ Kapitaen 23,10,65,75,80,85,72,82,70,80,72,82,66,76,61,71,61,71,66,76,66,76,72,82,75,85,69,79,69,79,64,74
360,Spitze S+ Kapitaen 24,10,66,76,80,85,72,82,72,82,69,79,67,77,63,73,61,71,64,74,68,78,73,83,75,85,70,80,71,81,65,75
361,Spitze S+ Kapitaen 25,10,68,78,80,85,75,85,72,82,70,80,66,76,62,72,61,71,64,74,69,79,72,82,74,84,69,79,69,79,63,73
362,Spitze S+ Kapitaen 26,10,68,78,80,85,73,83,73,83,68,78,68,78,61,71,61,71,66,76,69,79,72,82,75,85,68,78,71,81,65,75
363,Spitze S+ Kapitaen 27,10,66,76,80,85,75,85,71,81,69,79,67,77,62,72,61,71,64,74,66,76,71,81,74,84,69,79,71,81,63,73
364,Spitze S+ Kapitaen 28,10,68,78,80,85,74,84,70,80,69,79,67,77,63,73,61,71,65,75,67,77,73,83,74,84,71,81,71,81,65,75
365,Spitze S+ Kapitaen 29,10,67,77,80,85,75,85,70,80,69,79,67,77,63,73,61,71,65,75,70,80,70,80,75,85,69,79,68,78,64,74
366,Spitze S+ Kapitaen 30,10,67,77,80,85,75,85,70,80,72,82,68,78,61,71,61,71,65,75,66,76,72,82,75,85,69,79,72,82,64,74
367,Spitze S+ Kapitaen 31,10,66,76,80,85,73,83,72,82,69,79,68,78,63,73,61,71,65,75,69,79,70,80,74,84,72,82,69,79,65,75
368,Spitze S+ Kapitaen 32,10,68,78,80,85,75,85,71,81,68,78,67,77,63,73,61,71,65,75,67,77,71,81,72,82,70,80,69,79,64,74
369,Spitze S+ Kapitaen 33,10,66,76,80,85,74,84,71,81,69,79,68,78,64,74,62,72,64,74,67,77,71,81,75,85,70,80,72,82,65,75
370,Spitze S+ Kapitaen 34,10,68,78,80,85,72,82,73,83,70,80,68,78,63,73,61,71,63,73,67,77,70,80,75,85,70,80,69,79,64,74
371,Spitze S+ Kapitaen 35,10,65,75,80,85,75,85,72,82,70,80,65,75,61,71,61,71,66,76,70,80,71,81,75,85,69,79,69,79,64,74
372,Spitze S+ Kapitaen 36,10,65,75,80,85,73,83,70,80,69,79,67,77,63,73,61,71,66,76,66,76,71,81,75,85,71,81,70,80,64,74
373,Spitze S+ Kapitaen 37,10,66,76,80,85,74,84,69,79,72,82,66,76,61,71,61,71,65,75,70,80,70,80,75,85,71,81,71,81,66,76
374,Spitze S+ Kapitaen 38,10,67,77,80,85,75,85,70,80,71,81,67,77,61,71,61,71,65,75,67,77,70,80,73,83,71,81,69,79,64,74
375,Spitze S+ Kapitaen 39,10,68,78,80,85,75,85,71,81,70,80,66,76,64,74,61,71,62,72,68,78,71,81,73,83,72,82,68,78,62,72
376,Spitze S+ Kapitaen 40,10,67,77,80,85,75,85,70,80,70,80,66,76,64,74,61,71,63,73,69,79,72,82,73,83,69,79,69,79,64,74
377,Spitze S+ Kapitaen 41,10,67,77,80,85,75,85,71,81,70,80,67,77,61,71,61,71,65,75,67,77,69,79,75,85,71,81,70,80,63,73
378,Spitze S+ Kapitaen 42,10,65,75,80,85,74,84,70,80,69,79,65,75,63,73,62,72,66,76,66,76,73,83,75,85,69,79,69,79,64,74
379,Spitze S+ Kapitaen 43,10,65,75,80,85,72,82,72,82,70,80,67,77,61,71,61,71,65,75,67,77,70,80,75,85,70,80,69,79,64,74
380,Spitze S+ Kapitaen 44,10,68,78,80,85,74,84,70,80,70,80,65,75,64,74,61,71,65,75,67,77,72,82,74,84,70,80,68,78,65,75
381,Spitze S+ Kapitaen 45,10,66,76,80,85,75,85,72,82,68,78,66,76,63,73,61,71,62,72,70,80,71,81,75,85,68,78,71,81,62,72
382,Spitze S+ Kapitaen 46,10,68,78,80,85,75,85,71,81,69,79,66,76,62,72,62,72,63,73,69,79,73,83,75,85,70,80,71,81,64,74
383,Spitze S+ Kapitaen 47,10,66,76,80,85,75,85,73,83,70,80,66,76,63,73,61,71,64,74,69,79,71,81,73,83,70,80,69,79,64,74
384,Spitze S+ Kapitaen 48,10,66,76,80,85,75,85,71,81,70,80,68,78,63,73,61,71,64,74,68,78,71,81,73,83,70,80,70,80,65,75
385,Spitze S+ Kapitaen 49,10,65,75,80,85,74,84,70,80,70,80,68,78,63,73,62,72,65,75,67,77,70,80,75,85,69,79,71,81,62,72
386,Spitze S+ Kapitaen 50,10,67,77,80,85,74,84,73,83,70,80,67,77,61,71,62,72,65,75,68,78,70,80,73,83,69,79,69,79,65,75
387,Spitze S+ Kapitaen 51,10,67,77,80,85,73,83,69,79,71,81,65,75,63,73,61,71,65,75,67,77,73,83,75,85,71,81,70,80,63,73
388,Spitze S+ Kapitaen 52,10,67,77,80,85,73,83,71,81,69,79,65,75,62,72,61,71,64,74,68,78,69,79,75,85,72,82,70,80,62,72
389,Spitze S+ Kapitaen 53,10,67,77,80,85,75,85,71,81,69,79,66,76,63,73,61,71,65,75,70,80,72,82,75,85,69,79,69,79,64,74
390,Spitze S+ Kapitaen 54,10,67,77,80,85,75,85,72,82,69,79,65,75,61,71,61,71,66,76,69,79,72,82,73,83,70,80,71,81,63,73
391,Spitze S+ Kapitaen 55,10,68,78,80,85,75,85,71,81,70,80,68,78,61,71,61,71,64,74,70,80,69,79,75,85,70,80,70,80,65,75
392,Spitze S+ Kapitaen 56,10,68,78,80,85,74,84,72,82,70,80,67,77,61,71,61,71,65,75,66,76,70,80,75,85,70,80,68,78,62,72
393,Spitze S+ Kapitaen 57,10,67,77,80,85,75,85,71,81,69,79,67,77,63,73,61,71,65,75,70,80,69,79,75,85,70,80,70,80,64,74
394,Spitze S+ Kapitaen 58,10,66,76,80,85,75,85,73,83,68,78,66,76,62,72,61,71,64,74,69,79,73,83,72,82,69,79,70,80,63,73
395,Spitze S+ Kapitaen 59,10,67,77,80,85,75,85,73,83,70,80,65,75,63,73,61,71,63,73,70,80,71,81,72,82,71,81,69,79,62,72
396,Spitze S+ Kapitaen 60,10,65,75,80,85,75,85,73,83,70,80,68,78,62,72,61,71,62,72,68,78,71,81,75,85,69,79,70,80,65,75
397,Spitze S+ Kapitaen 61,10,67,77,80,85,75,85,73,83,70,80,65,75,62,72,61,71,65,75,69,79,71,81,75,85,70,80,71,81,63,73
398,Spitze S+ Kapitaen 62,10,68,78,80,85,75,85,72,82,70,80,67,77,61,71,61,71,64,74,70,80,69,79,75,85,70,80,68,78,63,73
399,Spitze S+ Kapitaen 63,10,67,77,80,85,73,83,70,80,71,81,65,75,63,73,61,71,63,73,67,77,69,79,75,85,68,78,68,78,63,73
400,Spitze S+ Kapitaen 64,10,68,78,80,85,73,83,72,82,69,79,68,78,62,72,61,71,66,76,70,80,72,82,74,84,70,80,72,82,63,73
401,Spitze S+ Kapitaen 65,10,68,78,80,85,75,85,70,80,71,81,68,78,61,71,61,71,64,74,69,79,69,79,74,84,71,81,71,81,63,73
402,Spitze S+ Kapitaen 66,10,68,78,80,85,72,82,71,81,68,78,65,75,61,71,62,72,64,74,68,78,73,83,75,85,72,82,70,80,63,73
403,Spitze S+ Kapitaen 67,10,68,78,80,85,74,84,72,82,70,80,65,75,61,71,61,71,64,74,66,76,71,81,75,85,72,82,70,80,66,76
404,Spitze S+ Kapitaen 68,10,67,77,80,85,74,84,70,80,71,81,64,74,62,72,62,72,65,75,68,78,72,82,74,84,71,81,69,79,64,74
405,Spitze S+ Kapitaen 69,10,65,75,80,85,74,84,72,82,70,80,66,76,62,72,61,71,63,73,66,76,69,79,75,85,71,81,70,80,63,73
406,Spitze S+ Kapitaen 70,10,66,76,80,85,75,85,70,80,70,80,66,76,64,74,61,71,65,75,67,77,71,81,73,83,70,80,71,81,65,75
407,Spitze S+ Kapitaen 71,10,68,78,80,85,75,85,70,80,72,82,67,77,63,73,61,71,62,72,67,77,69,79,74,84,72,82,72,82,62,72
408,Spitze S+ Kapitaen 72,10,68,78,80,85,75,85,70,80,72,82,66,76,63,73,61,71,65,75,69,79,72,82,75,85,69,79,71,81,64,74
409,Spitze S+ Kapitaen 73,10,67,77,80,85,75,85,72,82,70,80,67,77,62,72,61,71,66,76,67,77,70,80,73,83,70,80,72,82,65,75
410,Spitze S+ Kapitaen 74,10,68,78,80,85,75,85,71,81,70,80,64,74,61,71,61,71,64,74,70,80,72,82,74,84,69,79,71,81,64,74
411,Spitze S+ Kapitaen 75,10,68,78,80,85,73,83,70,80,71,81,65,75,63,73,61,71,66,76,66,76,71,81,75,85,71,81,71,81,64,74
412,Spitze S+ Kapitaen 76,10,68,78,80,85,75,85,70,80,68,78,68,78,63,73,61,71,66,76,69,79,71,81,72,82,72,82,72,82,64,74
413,Spitze S+ Kapitaen 77,10,68,78,80,85,74,84,72,82,70,80,65,75,63,73,61,71,65,75,68,78,70,80,74,84,68,78,71,81,65,75
414,Spitze S+ Kapitaen 78,10,65,75,80,85,75,85,72,82,70,80,67,77,63,73,61,71,66,76,69,79,73,83,74,84,71,81,70,80,65,75
415,Spitze S+ Kapitaen 79,10,68,78,80,85,74,84,69,79,72,82,64,74,64,74,61,71,63,73,67,77,70,80,75,85,71,81,71,81,65,75
416,Spitze S+ Kapitaen 80,10,68,78,80,85,75,85,72,82,69,79,65,75,61,71,61,71,64,74,66,76,71,81,72,82,71,81,69,79,65,75
417,Spitze S+ Kapitaen 81,10,68,78,80,85,73,83,73,83,70,80,65,75,64,74,61,71,62,72,66,76,69,79,75,85,70,80,69,79,66,76
418,Spitze S+ Kapitaen 82,10,68,78,80,85,75,85,70,80,71,81,66,76,64,74,62,72,63,73,69,79,71,81,75,85,69,79,70,80,63,73
419,Spitze S+ Kapitaen 83,10,66,76,80,85,74,84,71,81,70,80,67,77,63,73,61,71,65,75,68,78,71,81,75,85,70,80,72,82,62,72
420,Spitze S+ Kapitaen 84,10,67,77,80,85,73,83,72,82,69,79,68,78,63,73,61,71,66,76,68,78,73,83,75,85,70,80,70,80,64,74
421,Spitze S+ Bergklassiker 1,10,68,78,72,82,75,85,80,85,68,78,64,74,63,73,62,72,69,79,69,79,75,85,70,80,70,80,71,81,65,75
422,Spitze S+ Bergklassiker 2,10,65,75,70,80,75,85,80,85,70,80,66,76,63,73,61,71,72,82,69,79,75,85,72,82,68,78,69,79,69,79
423,Spitze S+ Bergklassiker 3,10,65,75,72,82,75,85,80,85,69,79,67,77,64,74,62,72,70,80,69,79,75,85,69,79,71,81,69,79,66,76
424,Spitze S+ Bergklassiker 4,10,66,76,71,81,75,85,80,85,69,79,67,77,64,74,62,72,73,83,71,81,75,85,72,82,69,79,69,79,68,78
425,Spitze S+ Bergklassiker 5,10,68,78,71,81,75,85,80,85,67,77,66,76,64,74,62,72,73,83,69,79,74,84,72,82,71,81,70,80,66,76
426,Spitze S+ Bergklassiker 6,10,66,76,73,83,74,84,80,85,67,77,64,74,63,73,62,72,70,80,69,79,75,85,72,82,70,80,71,81,65,75
427,Spitze S+ Bergklassiker 7,10,69,79,70,80,74,84,80,85,69,79,67,77,63,73,62,72,72,82,69,79,74,84,72,82,70,80,67,77,66,76
428,Spitze S+ Bergklassiker 8,10,68,78,72,82,74,84,80,85,70,80,67,77,64,74,62,72,71,81,70,80,74,84,73,83,68,78,68,78,68,78
429,Spitze S+ Bergklassiker 9,10,67,77,73,83,75,85,80,85,70,80,65,75,63,73,62,72,70,80,68,78,72,82,72,82,69,79,69,79,68,78
430,Spitze S+ Bergklassiker 10,10,67,77,71,81,75,85,80,85,70,80,64,74,61,71,62,72,72,82,68,78,75,85,70,80,69,79,70,80,66,76
431,Spitze S+ Bergklassiker 11,10,67,77,72,82,74,84,80,85,69,79,63,73,64,74,62,72,72,82,68,78,75,85,72,82,72,82,70,80,66,76
432,Spitze S+ Bergklassiker 12,10,66,76,71,81,75,85,80,85,69,79,65,75,62,72,62,72,72,82,67,77,72,82,71,81,71,81,68,78,65,75
433,Spitze S+ Bergklassiker 13,10,67,77,72,82,75,85,80,85,69,79,66,76,63,73,62,72,72,82,70,80,74,84,71,81,72,82,69,79,67,77
434,Spitze S+ Bergklassiker 14,10,66,76,73,83,74,84,80,85,70,80,63,73,64,74,62,72,73,83,67,77,75,85,73,83,71,81,71,81,66,76
435,Spitze S+ Bergklassiker 15,10,69,79,69,79,75,85,80,85,69,79,66,76,64,74,63,73,70,80,68,78,74,84,73,83,71,81,70,80,67,77
436,Spitze S+ Bergklassiker 16,10,68,78,71,81,74,84,80,85,68,78,63,73,64,74,62,72,72,82,67,77,75,85,71,81,68,78,70,80,66,76
437,Spitze S+ Bergklassiker 17,10,68,78,72,82,75,85,80,85,69,79,65,75,64,74,62,72,71,81,71,81,75,85,72,82,70,80,68,78,67,77
438,Spitze S+ Bergklassiker 18,10,68,78,72,82,73,83,80,85,70,80,63,73,64,74,62,72,71,81,71,81,74,84,73,83,69,79,69,79,68,78
439,Spitze S+ Bergklassiker 19,10,68,78,71,81,75,85,80,85,70,80,66,76,64,74,62,72,72,82,71,81,75,85,70,80,71,81,68,78,68,78
440,Spitze S+ Bergklassiker 20,10,67,77,71,81,75,85,80,85,69,79,65,75,64,74,61,71,72,82,68,78,74,84,69,79,69,79,71,81,65,75
441,Spitze S+ Bergklassiker 21,10,66,76,70,80,74,84,80,85,69,79,63,73,63,73,64,74,73,83,69,79,72,82,71,81,70,80,70,80,66,76
442,Spitze S+ Bergklassiker 22,10,68,78,70,80,75,85,80,85,69,79,66,76,65,75,61,71,71,81,67,77,74,84,71,81,70,80,70,80,66,76
443,Spitze S+ Bergklassiker 23,10,68,78,73,83,73,83,80,85,70,80,64,74,61,71,62,72,72,82,68,78,75,85,69,79,71,81,71,81,66,76
444,Spitze S+ Bergklassiker 24,10,68,78,71,81,75,85,80,85,68,78,65,75,61,71,61,71,72,82,70,80,75,85,71,81,69,79,69,79,68,78
445,Spitze S+ Bergklassiker 25,10,68,78,71,81,73,83,80,85,70,80,64,74,62,72,62,72,73,83,69,79,75,85,73,83,69,79,71,81,69,79
446,Spitze S+ Bergklassiker 26,10,66,76,72,82,74,84,80,85,70,80,65,75,64,74,62,72,70,80,68,78,74,84,72,82,70,80,68,78,67,77
447,Spitze S+ Bergklassiker 27,10,68,78,70,80,75,85,80,85,70,80,65,75,63,73,62,72,71,81,67,77,75,85,72,82,69,79,68,78,66,76
448,Spitze S+ Bergklassiker 28,10,68,78,71,81,72,82,80,85,69,79,64,74,64,74,62,72,73,83,71,81,73,83,72,82,70,80,69,79,66,76
449,Spitze S+ Bergklassiker 29,10,66,76,72,82,75,85,80,85,67,77,64,74,64,74,62,72,69,79,67,77,75,85,70,80,71,81,69,79,66,76
450,Spitze S+ Bergklassiker 30,10,68,78,71,81,75,85,80,85,70,80,63,73,64,74,61,71,70,80,67,77,72,82,72,82,70,80,68,78,68,78
451,Spitze S+ Bergklassiker 31,10,68,78,70,80,74,84,80,85,68,78,66,76,65,75,62,72,71,81,68,78,75,85,71,81,70,80,70,80,68,78
452,Spitze S+ Bergklassiker 32,10,65,75,72,82,74,84,80,85,70,80,66,76,62,72,62,72,70,80,69,79,75,85,70,80,71,81,67,77,66,76
453,Spitze S+ Bergklassiker 33,10,66,76,73,83,75,85,80,85,70,80,64,74,61,71,61,71,70,80,67,77,74,84,70,80,71,81,69,79,68,78
454,Spitze S+ Bergklassiker 34,10,67,77,71,81,75,85,80,85,67,77,63,73,64,74,62,72,71,81,71,81,73,83,72,82,69,79,69,79,65,75
455,Spitze S+ Bergklassiker 35,10,66,76,71,81,72,82,80,85,69,79,65,75,64,74,61,71,73,83,71,81,73,83,69,79,69,79,67,77,65,75
456,Spitze S+ Bergklassiker 36,10,67,77,73,83,73,83,80,85,70,80,65,75,63,73,61,71,69,79,69,79,75,85,72,82,71,81,70,80,67,77
457,Spitze S+ Bergklassiker 37,10,66,76,69,79,75,85,80,85,70,80,64,74,64,74,63,73,70,80,70,80,73,83,71,81,69,79,70,80,69,79
458,Spitze S+ Bergklassiker 38,10,68,78,72,82,75,85,80,85,70,80,66,76,63,73,62,72,70,80,69,79,75,85,72,82,69,79,70,80,68,78
459,Spitze S+ Bergklassiker 39,10,66,76,72,82,74,84,80,85,70,80,65,75,62,72,62,72,72,82,67,77,73,83,73,83,69,79,71,81,67,77
460,Spitze S+ Bergklassiker 40,10,67,77,71,81,74,84,80,85,70,80,66,76,63,73,61,71,71,81,70,80,74,84,73,83,70,80,68,78,67,77
461,Spitze S+ Bergklassiker 41,10,67,77,71,81,75,85,80,85,69,79,64,74,62,72,62,72,72,82,71,81,75,85,70,80,70,80,68,78,66,76
462,Spitze S+ Bergklassiker 42,10,67,77,72,82,74,84,80,85,70,80,64,74,64,74,61,71,70,80,67,77,72,82,69,79,70,80,70,80,66,76
463,Spitze S+ Bergklassiker 43,10,68,78,71,81,73,83,80,85,70,80,64,74,63,73,61,71,72,82,69,79,75,85,72,82,70,80,68,78,68,78
464,Spitze S+ Bergklassiker 44,10,67,77,71,81,73,83,80,85,69,79,64,74,64,74,61,71,72,82,69,79,72,82,73,83,71,81,70,80,68,78
465,Spitze S+ Bergklassiker 45,10,66,76,71,81,72,82,80,85,70,80,66,76,61,71,62,72,73,83,71,81,73,83,71,81,70,80,70,80,67,77
466,Spitze S+ Bergklassiker 46,10,66,76,70,80,75,85,80,85,70,80,67,77,63,73,63,73,71,81,70,80,72,82,70,80,70,80,71,81,66,76
467,Spitze S+ Bergklassiker 47,10,65,75,72,82,74,84,80,85,69,79,65,75,64,74,62,72,70,80,68,78,74,84,71,81,71,81,68,78,68,78
468,Spitze S+ Bergklassiker 48,10,67,77,70,80,75,85,80,85,69,79,63,73,63,73,63,73,72,82,69,79,74,84,70,80,68,78,68,78,68,78
469,Spitze S+ Bergklassiker 49,10,68,78,73,83,74,84,80,85,70,80,66,76,64,74,62,72,69,79,71,81,73,83,69,79,69,79,70,80,67,77
470,Spitze S+ Bergklassiker 50,10,66,76,73,83,73,83,80,85,70,80,64,74,62,72,61,71,72,82,68,78,75,85,70,80,69,79,68,78,65,75
471,Spitze S+ Bergklassiker 51,10,68,78,72,82,74,84,80,85,70,80,66,76,64,74,61,71,73,83,68,78,75,85,69,79,70,80,69,79,67,77
472,Spitze S+ Bergklassiker 52,10,65,75,70,80,75,85,80,85,69,79,65,75,64,74,61,71,71,81,70,80,73,83,72,82,70,80,70,80,66,76
473,Spitze S+ Bergklassiker 53,10,66,76,73,83,74,84,80,85,68,78,66,76,64,74,61,71,70,80,70,80,74,84,72,82,68,78,68,78,67,77
474,Spitze S+ Bergklassiker 54,10,68,78,71,81,73,83,80,85,69,79,65,75,63,73,62,72,72,82,69,79,74,84,72,82,70,80,70,80,67,77
475,Spitze S+ Bergklassiker 55,10,68,78,72,82,73,83,80,85,70,80,67,77,62,72,62,72,71,81,68,78,72,82,69,79,69,79,68,78,66,76
476,Spitze S+ Bergklassiker 56,10,66,76,72,82,72,82,80,85,70,80,64,74,64,74,62,72,70,80,68,78,74,84,71,81,70,80,67,77,66,76
477,Spitze S+ Bergklassiker 57,10,68,78,72,82,75,85,80,85,70,80,66,76,62,72,62,72,70,80,71,81,75,85,70,80,71,81,70,80,66,76
478,Spitze S+ Bergklassiker 58,10,68,78,73,83,74,84,80,85,70,80,66,76,64,74,61,71,70,80,69,79,72,82,73,83,70,80,68,78,65,75
479,Spitze S+ Bergklassiker 59,10,68,78,72,82,75,85,80,85,69,79,64,74,63,73,62,72,69,79,70,80,74,84,71,81,72,82,68,78,65,75
480,Spitze S+ Bergklassiker 60,10,66,76,72,82,74,84,80,85,69,79,66,76,63,73,61,71,72,82,69,79,72,82,71,81,72,82,68,78,67,77
481,Spitze S+ Bergklassiker 61,10,69,79,70,80,75,85,80,85,70,80,64,74,61,71,63,73,71,81,69,79,72,82,72,82,68,78,70,80,65,75
482,Spitze S+ Bergklassiker 62,10,67,77,72,82,75,85,80,85,70,80,63,73,62,72,61,71,69,79,71,81,75,85,71,81,72,82,69,79,68,78
483,Spitze S+ Bergklassiker 63,10,67,77,72,82,75,85,80,85,70,80,67,77,62,72,62,72,70,80,68,78,75,85,72,82,72,82,68,78,68,78
484,Spitze S+ Bergklassiker 64,10,68,78,72,82,75,85,80,85,69,79,66,76,63,73,62,72,72,82,69,79,75,85,72,82,71,81,69,79,66,76
485,Spitze S+ Bergklassiker 65,10,68,78,71,81,75,85,80,85,68,78,67,77,63,73,61,71,70,80,70,80,74,84,73,83,71,81,69,79,68,78
486,Spitze S+ Bergklassiker 66,10,65,75,73,83,73,83,80,85,69,79,66,76,64,74,62,72,70,80,70,80,74,84,69,79,72,82,70,80,67,77
487,Spitze S+ Bergklassiker 67,10,65,75,72,82,75,85,80,85,68,78,66,76,62,72,62,72,71,81,68,78,75,85,69,79,71,81,68,78,67,77
488,Spitze S+ Bergklassiker 68,10,67,77,70,80,75,85,80,85,70,80,66,76,64,74,62,72,72,82,70,80,72,82,71,81,68,78,69,79,65,75
489,Spitze S+ Bergklassiker 69,10,66,76,71,81,73,83,80,85,70,80,65,75,63,73,62,72,72,82,71,81,75,85,69,79,69,79,69,79,66,76
490,Spitze S+ Bergklassiker 70,10,68,78,73,83,75,85,80,85,68,78,65,75,63,73,62,72,72,82,71,81,73,83,71,81,71,81,71,81,66,76
491,Spitze S+ Bergklassiker 71,10,67,77,72,82,74,84,80,85,67,77,64,74,64,74,61,71,72,82,67,77,73,83,69,79,71,81,69,79,66,76
492,Spitze S+ Bergklassiker 72,10,68,78,72,82,75,85,80,85,67,77,66,76,62,72,62,72,71,81,69,79,73,83,70,80,72,82,67,77,68,78
493,Spitze S+ Bergklassiker 73,10,67,77,72,82,74,84,80,85,70,80,66,76,61,71,62,72,73,83,69,79,73,83,71,81,71,81,67,77,65,75
494,Spitze S+ Bergklassiker 74,10,68,78,72,82,74,84,80,85,68,78,67,77,63,73,62,72,72,82,70,80,75,85,70,80,68,78,67,77,66,76
495,Spitze S+ KapitaenZF 1,10,68,78,80,85,74,84,70,80,70,80,72,82,64,74,61,71,65,75,66,76,69,79,73,83,71,81,70,80,68,78
496,Spitze S+ KapitaenZF 2,10,66,76,80,85,73,83,71,81,70,80,71,81,64,74,61,71,64,74,66,76,71,81,75,85,71,81,68,78,67,77
497,Spitze S+ KapitaenZF 3,10,67,77,80,85,73,83,70,80,72,82,71,81,64,74,61,71,64,74,67,77,70,80,74,84,73,83,68,78,66,76
498,Spitze S+ KapitaenZF 4,10,68,78,80,85,73,83,69,79,71,81,69,79,63,73,61,71,65,75,67,77,68,78,74,84,73,83,70,80,67,77
499,Spitze S+ KapitaenZF 5,10,66,76,80,85,74,84,70,80,72,82,71,81,64,74,61,71,66,76,68,78,69,79,74,84,72,82,71,81,65,75
500,Spitze S+ KapitaenZF 6,10,68,78,80,85,74,84,70,80,70,80,70,80,63,73,61,71,66,76,66,76,68,78,74,84,71,81,69,79,66,76
501,Spitze S+ KapitaenZF 7,10,68,78,80,85,74,84,70,80,72,82,72,82,63,73,61,71,65,75,66,76,68,78,72,82,73,83,71,81,67,77
502,Spitze S+ KapitaenZF 8,10,68,78,80,85,71,81,70,80,72,82,70,80,64,74,61,71,66,76,69,79,69,79,75,85,74,84,69,79,65,75
503,Spitze S+ KapitaenZF 9,10,68,78,80,85,73,83,70,80,71,81,71,81,64,74,61,71,66,76,69,79,71,81,74,84,71,81,68,78,66,76
504,Spitze S+ KapitaenZF 10,10,67,77,80,85,72,82,69,79,72,82,71,81,64,74,61,71,65,75,69,79,68,78,75,85,71,81,70,80,65,75
505,Spitze S+ KapitaenZF 11,10,68,78,80,85,70,80,70,80,72,82,71,81,64,74,61,71,64,74,69,79,68,78,74,84,70,80,68,78,65,75
506,Spitze S+ KapitaenZF 12,10,67,77,80,85,70,80,69,79,72,82,71,81,64,74,62,72,65,75,68,78,70,80,73,83,72,82,71,81,65,75
507,Spitze S+ KapitaenZF 13,10,68,78,80,85,72,82,69,79,72,82,71,81,63,73,62,72,63,73,69,79,70,80,73,83,74,84,69,79,64,74
508,Spitze S+ KapitaenZF 14,10,68,78,80,85,72,82,69,79,71,81,70,80,64,74,61,71,63,73,65,75,69,79,75,85,73,83,67,77,66,76
509,Spitze S+ KapitaenZF 15,10,67,77,80,85,70,80,72,82,70,80,68,78,63,73,61,71,66,76,69,79,71,81,75,85,74,84,67,77,68,78
510,Spitze S+ KapitaenZF 16,10,66,76,80,85,74,84,70,80,72,82,69,79,64,74,61,71,64,74,65,75,68,78,74,84,74,84,69,79,68,78
511,Spitze S+ KapitaenZF 17,10,68,78,80,85,73,83,69,79,72,82,69,79,64,74,62,72,67,77,69,79,67,77,75,85,72,82,68,78,67,77
512,Spitze S+ KapitaenZF 18,10,68,78,80,85,73,83,69,79,72,82,71,81,63,73,61,71,65,75,66,76,69,79,75,85,72,82,69,79,66,76
513,Spitze S+ KapitaenZF 19,10,68,78,80,85,73,83,70,80,72,82,71,81,62,72,61,71,65,75,66,76,68,78,75,85,74,84,69,79,65,75
514,Spitze S+ KapitaenZF 20,10,68,78,80,85,73,83,69,79,72,82,68,78,64,74,61,71,66,76,67,77,67,77,74,84,72,82,69,79,66,76
515,Spitze S+ KapitaenZF 21,10,67,77,80,85,73,83,70,80,72,82,70,80,64,74,61,71,65,75,66,76,67,77,75,85,74,84,69,79,65,75
516,Spitze S+ KapitaenZF 22,10,67,77,80,85,72,82,70,80,72,82,71,81,64,74,62,72,65,75,67,77,69,79,72,82,74,84,70,80,66,76
517,Spitze S+ KapitaenZF 23,10,67,77,80,85,72,82,71,81,70,80,69,79,64,74,61,71,65,75,67,77,69,79,74,84,71,81,70,80,67,77
518,Spitze S+ KapitaenZF 24,10,68,78,80,85,73,83,70,80,72,82,72,82,63,73,61,71,66,76,67,77,70,80,73,83,72,82,71,81,64,74
519,Spitze S+ KapitaenZF 25,10,68,78,80,85,73,83,70,80,72,82,71,81,64,74,61,71,65,75,68,78,70,80,75,85,74,84,71,81,64,74
520,Spitze S+ KapitaenZF 26,10,68,78,80,85,74,84,70,80,72,82,69,79,64,74,61,71,66,76,66,76,70,80,73,83,72,82,69,79,64,74
521,Spitze S+ KapitaenZF 27,10,67,77,80,85,74,84,69,79,71,81,70,80,62,72,61,71,66,76,69,79,67,77,73,83,72,82,71,81,68,78
522,Spitze S+ KapitaenZF 28,10,68,78,80,85,72,82,69,79,72,82,71,81,64,74,61,71,67,77,69,79,70,80,73,83,73,83,68,78,65,75
523,Spitze S+ KapitaenZF 29,10,68,78,80,85,72,82,70,80,72,82,69,79,64,74,61,71,64,74,66,76,67,77,75,85,70,80,67,77,67,77
524,Spitze S+ KapitaenZF 30,10,68,78,80,85,72,82,69,79,72,82,71,81,64,74,61,71,64,74,67,77,68,78,74,84,73,83,70,80,65,75
525,Spitze S+ KapitaenZF 31,10,68,78,80,85,73,83,70,80,72,82,69,79,64,74,61,71,63,73,67,77,67,77,74,84,73,83,69,79,66,76
526,Spitze S+ KapitaenZF 32,10,68,78,80,85,74,84,69,79,72,82,69,79,64,74,61,71,66,76,68,78,69,79,75,85,72,82,70,80,65,75
527,Spitze S+ KapitaenZF 33,10,68,78,80,85,73,83,70,80,72,82,69,79,62,72,61,71,67,77,68,78,68,78,74,84,71,81,71,81,65,75
528,Spitze S+ KapitaenZF 34,10,68,78,80,85,72,82,72,82,70,80,71,81,64,74,61,71,64,74,69,79,71,81,73,83,72,82,71,81,64,74
529,Spitze S+ KapitaenZF 35,10,68,78,80,85,71,81,70,80,72,82,70,80,62,72,61,71,66,76,66,76,67,77,72,82,74,84,67,77,67,77
530,Spitze S+ KapitaenZF 36,10,68,78,80,85,72,82,70,80,72,82,71,81,64,74,62,72,64,74,67,77,70,80,73,83,70,80,71,81,65,75
531,Spitze S+ KapitaenZF 37,10,68,78,80,85,72,82,70,80,71,81,69,79,64,74,61,71,64,74,67,77,71,81,74,84,72,82,70,80,66,76
532,Spitze S+ KapitaenZF 38,10,67,77,80,85,72,82,71,81,70,80,72,82,62,72,62,72,64,74,68,78,70,80,74,84,71,81,68,78,64,74
533,Spitze S+ KapitaenZF 39,10,68,78,80,85,72,82,70,80,72,82,71,81,64,74,61,71,66,76,69,79,70,80,75,85,73,83,70,80,65,75
534,Spitze S+ KapitaenZF 40,10,67,77,80,85,71,81,70,80,72,82,71,81,62,72,61,71,66,76,66,76,68,78,75,85,70,80,70,80,67,77
535,Spitze S+ KapitaenZF 41,10,67,77,80,85,71,81,70,80,72,82,69,79,64,74,61,71,65,75,66,76,69,79,73,83,74,84,68,78,66,76
536,Spitze S+ KapitaenZF 42,10,68,78,80,85,71,81,70,80,72,82,69,79,64,74,61,71,65,75,68,78,70,80,75,85,71,81,71,81,65,75
537,Spitze S+ KapitaenZF 43,10,66,76,80,85,70,80,69,79,72,82,70,80,64,74,61,71,64,74,66,76,69,79,74,84,74,84,70,80,67,77
538,Spitze S+ KapitaenZF 44,10,68,78,80,85,73,83,70,80,72,82,69,79,62,72,61,71,66,76,67,77,69,79,74,84,73,83,67,77,64,74
539,Spitze S+ KapitaenZF 45,10,68,78,80,85,73,83,71,81,70,80,69,79,63,73,61,71,65,75,67,77,68,78,74,84,73,83,71,81,67,77
540,Spitze S+ KapitaenZF 46,10,66,76,80,85,72,82,72,82,70,80,68,78,62,72,61,71,64,74,67,77,68,78,73,83,74,84,70,80,67,77
541,Spitze S+ KapitaenZF 47,10,67,77,80,85,71,81,70,80,71,81,72,82,64,74,61,71,66,76,66,76,68,78,74,84,72,82,68,78,64,74
542,Spitze S+ KapitaenZF 48,10,67,77,80,85,71,81,70,80,72,82,71,81,64,74,62,72,63,73,68,78,70,80,75,85,70,80,69,79,66,76
543,Spitze S+ KapitaenZF 49,10,66,76,80,85,72,82,72,82,70,80,69,79,63,73,61,71,67,77,67,77,70,80,74,84,70,80,69,79,66,76
544,Spitze S+ KapitaenZF 50,10,68,78,80,85,73,83,68,78,72,82,70,80,64,74,61,71,67,77,66,76,71,81,75,85,71,81,68,78,65,75
545,Spitze S+ KapitaenZF 51,10,67,77,80,85,71,81,70,80,72,82,71,81,63,73,61,71,66,76,68,78,67,77,74,84,73,83,70,80,66,76
546,Spitze S+ KapitaenZF 52,10,68,78,80,85,72,82,69,79,72,82,68,78,63,73,61,71,65,75,68,78,70,80,75,85,72,82,68,78,66,76
547,Spitze S+ KapitaenZF 53,10,67,77,80,85,70,80,69,79,71,81,69,79,64,74,61,71,64,74,66,76,71,81,75,85,74,84,71,81,66,76
548,Spitze S+ KapitaenZF 54,10,67,77,80,85,70,80,70,80,72,82,69,79,64,74,62,72,67,77,67,77,67,77,74,84,71,81,67,77,67,77
549,Spitze S+ KapitaenZF 55,10,66,76,80,85,71,81,71,81,70,80,70,80,64,74,62,72,63,73,67,77,68,78,74,84,70,80,70,80,65,75
550,Spitze S+ KapitaenZF 56,10,68,78,80,85,73,83,70,80,71,81,70,80,63,73,61,71,66,76,67,77,69,79,72,82,71,81,67,77,68,78
551,Spitze S+ KapitaenZF 57,10,67,77,80,85,71,81,70,80,70,80,68,78,63,73,61,71,66,76,66,76,69,79,75,85,73,83,68,78,67,77
552,Spitze S+ KapitaenZF 58,10,68,78,80,85,71,81,69,79,72,82,68,78,64,74,61,71,66,76,66,76,68,78,75,85,73,83,69,79,67,77
553,Spitze S+ KapitaenZF 59,10,68,78,80,85,73,83,70,80,72,82,72,82,64,74,61,71,66,76,68,78,68,78,73,83,74,84,71,81,64,74
554,Spitze S+ KapitaenZF 60,10,67,77,80,85,72,82,70,80,71,81,72,82,64,74,62,72,65,75,69,79,71,81,74,84,70,80,67,77,68,78
555,Spitze S+ KapitaenZF 61,10,68,78,80,85,71,81,70,80,72,82,71,81,62,72,61,71,67,77,67,77,70,80,73,83,72,82,70,80,66,76
556,Spitze S+ KapitaenZF 62,10,68,78,80,85,71,81,71,81,70,80,69,79,64,74,61,71,66,76,65,75,71,81,73,83,72,82,71,81,66,76
557,Spitze S+ KapitaenZF 63,10,67,77,80,85,71,81,70,80,71,81,69,79,63,73,61,71,66,76,65,75,68,78,75,85,73,83,67,77,66,76
558,Spitze S+ KapitaenZF 64,10,68,78,80,85,72,82,70,80,71,81,69,79,64,74,61,71,65,75,69,79,68,78,75,85,72,82,67,77,65,75
559,Spitze S+ Allrounder 1,10,73,83,63,73,71,81,80,85,70,80,68,78,75,85,62,72,75,85,69,79,73,83,70,80,73,83,66,76,73,83
560,Spitze S+ Allrounder 2,10,70,80,62,72,68,78,80,85,69,79,67,77,75,85,65,75,75,85,69,79,74,84,66,76,74,84,66,76,72,82
561,Spitze S+ Allrounder 3,10,73,83,62,72,69,79,80,85,70,80,68,78,74,84,64,74,75,85,67,77,74,84,68,78,72,82,66,76,73,83
562,Spitze S+ Allrounder 4,10,74,84,63,73,68,78,80,85,70,80,67,77,75,85,65,75,72,82,70,80,71,81,67,77,72,82,67,77,74,84
563,Spitze S+ Allrounder 5,10,73,83,63,73,69,79,80,85,67,77,66,76,75,85,65,75,74,84,68,78,72,82,70,80,71,81,64,74,73,83
564,Spitze S+ Allrounder 6,10,70,80,63,73,68,78,80,85,70,80,64,74,73,83,64,74,75,85,68,78,75,85,68,78,70,80,63,73,75,85
565,Spitze S+ Allrounder 7,10,72,82,63,73,71,81,80,85,70,80,65,75,75,85,64,74,72,82,68,78,75,85,69,79,71,81,67,77,71,81
566,Spitze S+ Allrounder 8,10,74,84,62,72,69,79,80,85,70,80,68,78,75,85,64,74,74,84,69,79,72,82,67,77,74,84,64,74,72,82
567,Spitze S+ Allrounder 9,10,72,82,63,73,69,79,80,85,70,80,64,74,75,85,62,72,74,84,69,79,74,84,67,77,72,82,67,77,71,81
568,Spitze S+ Allrounder 10,10,73,83,63,73,68,78,80,85,70,80,64,74,75,85,63,73,73,83,69,79,72,82,66,76,73,83,66,76,72,82
569,Spitze S+ Allrounder 11,10,72,82,62,72,71,81,80,85,67,77,66,76,75,85,65,75,74,84,70,80,74,84,69,79,71,81,64,74,73,83
570,Spitze S+ Allrounder 12,10,72,82,63,73,69,79,80,85,70,80,64,74,75,85,65,75,71,81,70,80,72,82,67,77,73,83,64,74,74,84
571,Spitze S+ Allrounder 13,10,72,82,63,73,69,79,80,85,70,80,66,76,75,85,62,72,75,85,69,79,75,85,67,77,71,81,66,76,72,82
572,Spitze S+ Allrounder 14,10,71,81,62,72,70,80,80,85,69,79,66,76,75,85,65,75,75,85,70,80,75,85,70,80,71,81,65,75,72,82
573,Spitze S+ Allrounder 15,10,73,83,63,73,70,80,80,85,70,80,67,77,75,85,64,74,72,82,69,79,73,83,67,77,71,81,63,73,72,82
574,Spitze S+ Allrounder 16,10,73,83,62,72,67,77,80,85,70,80,64,74,74,84,64,74,75,85,68,78,71,81,68,78,73,83,64,74,71,81
575,Spitze S+ Allrounder 17,10,73,83,63,73,70,80,80,85,68,78,66,76,75,85,64,74,75,85,69,79,72,82,70,80,72,82,64,74,74,84
576,Spitze S+ Allrounder 18,10,71,81,62,72,69,79,80,85,70,80,66,76,72,82,65,75,75,85,71,81,74,84,69,79,73,83,65,75,71,81
577,Spitze S+ Allrounder 19,10,73,83,62,72,69,79,80,85,70,80,66,76,75,85,64,74,74,84,70,80,73,83,68,78,72,82,65,75,74,84
578,Spitze S+ Allrounder 20,10,73,83,62,72,68,78,80,85,69,79,64,74,75,85,65,75,74,84,68,78,73,83,69,79,70,80,64,74,73,83
579,Spitze S+ Allrounder 21,10,72,82,63,73,69,79,80,85,69,79,64,74,75,85,63,73,74,84,68,78,72,82,68,78,71,81,66,76,73,83
580,Spitze S+ Allrounder 22,10,72,82,63,73,70,80,80,85,69,79,64,74,74,84,65,75,73,83,70,80,72,82,67,77,74,84,65,75,74,84
581,Spitze S+ Allrounder 23,10,73,83,63,73,67,77,80,85,69,79,66,76,75,85,64,74,74,84,70,80,74,84,67,77,74,84,64,74,74,84
582,Spitze S+ Allrounder 24,10,70,80,62,72,67,77,80,85,70,80,66,76,75,85,64,74,75,85,68,78,72,82,67,77,72,82,66,76,73,83
583,Spitze S+ Allrounder 25,10,73,83,61,71,67,77,80,85,70,80,67,77,74,84,65,75,75,85,68,78,72,82,69,79,74,84,67,77,74,84
584,Spitze S+ Allrounder 26,10,72,82,62,72,71,81,80,85,67,77,66,76,75,85,65,75,74,84,69,79,72,82,68,78,72,82,67,77,72,82
585,Spitze S+ Allrounder 27,10,70,80,63,73,69,79,80,85,70,80,66,76,72,82,65,75,75,85,71,81,72,82,68,78,73,83,66,76,74,84
586,Spitze S+ Allrounder 28,10,72,82,63,73,69,79,80,85,70,80,66,76,75,85,63,73,74,84,68,78,72,82,67,77,71,81,66,76,71,81
587,Spitze S+ Allrounder 29,10,72,82,63,73,69,79,80,85,70,80,64,74,75,85,64,74,72,82,67,77,75,85,69,79,73,83,65,75,71,81
588,Spitze S+ Allrounder 30,10,73,83,63,73,70,80,80,85,69,79,68,78,75,85,64,74,74,84,68,78,72,82,68,78,73,83,64,74,71,81
589,Spitze S+ Allrounder 31,10,73,83,63,73,69,79,80,85,70,80,65,75,75,85,65,75,74,84,69,79,75,85,69,79,74,84,64,74,71,81
590,Spitze S+ Allrounder 32,10,73,83,63,73,67,77,80,85,68,78,64,74,75,85,65,75,72,82,68,78,73,83,68,78,71,81,66,76,71,81
591,Spitze S+ Allrounder 33,10,71,81,61,71,69,79,80,85,70,80,67,77,75,85,65,75,75,85,69,79,72,82,67,77,71,81,65,75,74,84
592,Spitze S+ Allrounder 34,10,72,82,62,72,68,78,80,85,69,79,64,74,75,85,65,75,74,84,70,80,73,83,69,79,73,83,66,76,74,84
593,Spitze S+ Allrounder 35,10,71,81,63,73,67,77,80,85,70,80,64,74,75,85,63,73,74,84,68,78,73,83,70,80,71,81,64,74,74,84
594,Spitze S+ Allrounder 36,10,72,82,63,73,68,78,80,85,67,77,67,77,74,84,65,75,75,85,67,77,74,84,70,80,73,83,67,77,72,82
595,Spitze S+ Allrounder 37,10,72,82,63,73,70,80,80,85,70,80,65,75,74,84,62,72,75,85,70,80,71,81,68,78,74,84,66,76,74,84
596,Spitze S+ Allrounder 38,10,74,84,63,73,70,80,80,85,70,80,65,75,73,83,65,75,74,84,69,79,74,84,67,77,70,80,63,73,73,83
597,Spitze S+ Allrounder 39,10,71,81,62,72,68,78,80,85,69,79,66,76,75,85,65,75,73,83,70,80,75,85,66,76,74,84,66,76,71,81
598,Spitze S+ Allrounder 40,10,73,83,62,72,70,80,80,85,69,79,65,75,73,83,65,75,75,85,67,77,73,83,67,77,72,82,63,73,71,81
599,Spitze S+ Allrounder 41,10,73,83,62,72,71,81,80,85,69,79,66,76,75,85,65,75,74,84,70,80,72,82,67,77,70,80,64,74,75,85
600,Spitze S+ Allrounder 42,10,74,84,62,72,68,78,80,85,70,80,67,77,75,85,64,74,74,84,68,78,72,82,70,80,72,82,66,76,72,82
601,Spitze S+ Allrounder 43,10,73,83,61,71,68,78,80,85,69,79,66,76,75,85,65,75,75,85,67,77,74,84,69,79,70,80,66,76,73,83
602,Spitze S+ Allrounder 44,10,71,81,63,73,69,79,80,85,70,80,64,74,75,85,65,75,75,85,68,78,74,84,67,77,72,82,63,73,73,83
603,Spitze S+ Allrounder 45,10,71,81,63,73,69,79,80,85,69,79,65,75,75,85,64,74,73,83,69,79,73,83,69,79,72,82,66,76,73,83
604,Spitze S+ Allrounder 46,10,74,84,63,73,69,79,80,85,70,80,67,77,74,84,64,74,74,84,68,78,73,83,69,79,70,80,64,74,74,84
605,Spitze S+ Allrounder 47,10,73,83,62,72,70,80,80,85,70,80,66,76,75,85,64,74,75,85,68,78,73,83,67,77,72,82,64,74,75,85
606,Spitze S+ Allrounder 48,10,71,81,63,73,70,80,80,85,70,80,65,75,75,85,63,73,73,83,69,79,74,84,69,79,72,82,66,76,73,83
607,Spitze S+ Allrounder 49,10,72,82,61,71,70,80,80,85,70,80,65,75,75,85,65,75,75,85,71,81,71,81,70,80,72,82,64,74,75,85
608,Spitze S+ Allrounder 50,10,73,83,62,72,69,79,80,85,69,79,64,74,75,85,64,74,75,85,69,79,73,83,68,78,72,82,66,76,72,82
609,Spitze S+ Allrounder 51,10,74,84,63,73,67,77,80,85,67,77,64,74,75,85,65,75,73,83,68,78,72,82,69,79,73,83,64,74,71,81
610,Spitze S+ Allrounder 52,10,74,84,63,73,68,78,80,85,70,80,66,76,75,85,65,75,73,83,67,77,73,83,67,77,73,83,66,76,74,84
611,Spitze S+ Allrounder 53,10,71,81,63,73,70,80,80,85,68,78,67,77,75,85,64,74,74,84,69,79,74,84,69,79,71,81,63,73,73,83
612,Spitze S+ Allrounder 54,10,71,81,62,72,68,78,80,85,70,80,66,76,74,84,64,74,75,85,69,79,72,82,68,78,74,84,67,77,73,83
613,Spitze S Zeitfahrkapitaen 1,26,73,83,65,75,65,75,66,76,80,85,74,84,66,76,65,75,67,77,67,77,64,74,72,82,74,84,65,75,67,77
614,Spitze S Zeitfahrkapitaen 2,26,74,84,64,74,69,79,65,75,80,85,73,83,68,78,65,75,67,77,67,77,65,75,71,81,73,83,65,75,66,76
615,Spitze S Zeitfahrkapitaen 3,26,74,84,64,74,65,75,67,77,80,85,75,85,68,78,66,76,66,76,68,78,65,75,69,79,73,83,65,75,66,76
616,Spitze S Zeitfahrkapitaen 4,26,74,84,66,76,68,78,66,76,80,85,75,85,67,77,64,74,66,76,69,79,66,76,70,80,73,83,66,76,69,79
617,Spitze S Zeitfahrkapitaen 5,26,75,85,66,76,66,76,66,76,80,85,73,83,65,75,64,74,68,78,69,79,66,76,69,79,70,80,64,74,65,75
618,Spitze S Zeitfahrkapitaen 6,26,75,85,66,76,66,76,64,74,80,85,74,84,66,76,63,73,68,78,66,76,64,74,72,82,73,83,68,78,65,75
619,Spitze S Zeitfahrkapitaen 7,26,72,82,66,76,69,79,68,78,80,85,73,83,68,78,63,73,67,77,67,77,64,74,71,81,72,82,66,76,66,76
620,Spitze S Zeitfahrkapitaen 8,26,75,85,65,75,67,77,67,77,80,85,75,85,67,77,66,76,66,76,69,79,64,74,72,82,72,82,66,76,67,77
621,Spitze S Zeitfahrkapitaen 9,26,72,82,66,76,67,77,68,78,80,85,73,83,66,76,64,74,67,77,69,79,64,74,68,78,71,81,67,77,68,78
622,Spitze S Zeitfahrkapitaen 10,26,74,84,66,76,67,77,65,75,80,85,73,83,67,77,65,75,68,78,67,77,63,73,69,79,74,84,66,76,66,76
623,Spitze S Zeitfahrkapitaen 11,26,72,82,65,75,66,76,67,77,80,85,72,82,65,75,66,76,68,78,68,78,65,75,72,82,72,82,65,75,67,77
624,Spitze S Zeitfahrkapitaen 12,26,72,82,66,76,67,77,67,77,80,85,74,84,65,75,64,74,68,78,68,78,66,76,70,80,73,83,65,75,65,75
625,Spitze S Zeitfahrkapitaen 13,26,74,84,65,75,67,77,66,76,80,85,75,85,68,78,65,75,68,78,68,78,66,76,69,79,71,81,68,78,66,76
626,Spitze S Zeitfahrkapitaen 14,26,75,85,63,73,68,78,67,77,80,85,72,82,68,78,65,75,68,78,67,77,66,76,70,80,71,81,65,75,66,76
627,Spitze S Zeitfahrkapitaen 15,26,74,84,64,74,65,75,67,77,80,85,75,85,69,79,64,74,69,79,70,80,65,75,72,82,73,83,67,77,65,75
628,Spitze S Zeitfahrkapitaen 16,26,75,85,66,76,67,77,67,77,80,85,72,82,69,79,65,75,66,76,69,79,64,74,71,81,73,83,68,78,68,78
629,Spitze S Zeitfahrkapitaen 17,26,75,85,64,74,65,75,66,76,80,85,74,84,66,76,64,74,68,78,69,79,64,74,71,81,74,84,64,74,69,79
630,Spitze S Zeitfahrkapitaen 18,26,72,82,64,74,68,78,66,76,80,85,75,85,69,79,65,75,67,77,69,79,65,75,71,81,73,83,66,76,69,79
631,Spitze S Zeitfahrkapitaen 19,26,74,84,65,75,68,78,64,74,80,85,75,85,66,76,65,75,68,78,67,77,65,75,71,81,70,80,67,77,68,78
632,Spitze S Zeitfahrkapitaen 20,26,74,84,66,76,67,77,65,75,80,85,75,85,69,79,62,72,68,78,68,78,65,75,70,80,74,84,65,75,66,76
633,Spitze S Zeitfahrkapitaen 21,26,75,85,64,74,67,77,65,75,80,85,75,85,67,77,65,75,67,77,68,78,63,73,69,79,71,81,68,78,67,77
634,Spitze S Zeitfahrkapitaen 22,26,73,83,66,76,67,77,64,74,80,85,74,84,67,77,65,75,69,79,67,77,67,77,70,80,74,84,68,78,68,78
635,Spitze S Zeitfahrkapitaen 23,26,74,84,64,74,66,76,67,77,80,85,75,85,66,76,65,75,68,78,68,78,65,75,70,80,71,81,64,74,67,77
636,Spitze S Zeitfahrkapitaen 24,26,72,82,65,75,65,75,67,77,80,85,75,85,65,75,63,73,69,79,66,76,67,77,71,81,74,84,68,78,66,76
637,Spitze S Zeitfahrkapitaen 25,26,73,83,65,75,67,77,65,75,80,85,74,84,67,77,65,75,68,78,67,77,67,77,71,81,72,82,66,76,67,77
638,Spitze S Zeitfahrkapitaen 26,26,72,82,66,76,66,76,68,78,80,85,73,83,69,79,63,73,65,75,68,78,67,77,72,82,74,84,68,78,65,75
639,Spitze S Zeitfahrkapitaen 27,26,74,84,65,75,68,78,64,74,80,85,74,84,66,76,66,76,68,78,67,77,64,74,72,82,71,81,65,75,69,79
640,Spitze S Zeitfahrkapitaen 28,26,73,83,66,76,67,77,66,76,80,85,75,85,67,77,64,74,66,76,68,78,64,74,68,78,74,84,65,75,66,76
641,Spitze S Zeitfahrkapitaen 29,26,74,84,65,75,69,79,64,74,80,85,75,85,66,76,65,75,69,79,67,77,66,76,71,81,71,81,66,76,68,78
642,Spitze S Zeitfahrkapitaen 30,26,71,81,65,75,66,76,67,77,80,85,72,82,67,77,63,73,68,78,69,79,64,74,68,78,74,84,65,75,65,75
643,Spitze S Zeitfahrkapitaen 31,26,74,84,66,76,67,77,67,77,80,85,75,85,67,77,62,72,66,76,70,80,63,73,72,82,73,83,67,77,68,78
644,Spitze S Zeitfahrkapitaen 32,26,74,84,64,74,67,77,66,76,80,85,74,84,68,78,65,75,67,77,68,78,65,75,68,78,72,82,66,76,66,76
645,Spitze S Zeitfahrkapitaen 33,26,72,82,65,75,69,79,66,76,80,85,74,84,66,76,65,75,66,76,66,76,64,74,71,81,74,84,67,77,67,77
646,Spitze S Zeitfahrkapitaen 34,26,71,81,64,74,69,79,67,77,80,85,75,85,69,79,66,76,68,78,69,79,65,75,70,80,71,81,67,77,67,77
647,Spitze S Zeitfahrkapitaen 35,26,75,85,65,75,68,78,68,78,80,85,74,84,66,76,64,74,67,77,68,78,67,77,71,81,72,82,65,75,69,79
648,Spitze S Zeitfahrkapitaen 36,26,73,83,66,76,67,77,66,76,80,85,75,85,66,76,65,75,67,77,69,79,65,75,70,80,72,82,68,78,66,76
649,Spitze S Zeitfahrkapitaen 37,26,73,83,65,75,69,79,68,78,80,85,72,82,68,78,64,74,66,76,69,79,65,75,69,79,72,82,64,74,65,75
650,Spitze S Zeitfahrkapitaen 38,26,72,82,64,74,69,79,67,77,80,85,74,84,66,76,66,76,69,79,69,79,66,76,71,81,71,81,68,78,68,78
651,Spitze S Zeitfahrkapitaen 39,26,72,82,66,76,68,78,65,75,80,85,72,82,66,76,65,75,67,77,70,80,64,74,70,80,73,83,67,77,66,76
652,Spitze S Zeitfahrkapitaen 40,26,74,84,63,73,68,78,67,77,80,85,73,83,67,77,66,76,67,77,67,77,65,75,71,81,72,82,66,76,68,78
