rennen,jahr,stage_id,stage_num,km,hm,ps,D,parcours_type,terrain,sicherheit,avg_speed_winner,won_how,win_type,startlist_quality
TdF,2020,1,1,156.0,1597.0,46.0,0.2948717948717949,Hills flat finish,Rolling,0.5572867063492063,41.35,Sprint of large group,Large group sprint,1662.0
TdF,2020,2,2,185.0,4066.0,188.0,1.0162162162162163,Mountains flat finish,Mountain,0.38548878511194684,37.57,Sprint of small group,Small group sprint,1662.0
TdF,2020,3,3,198.0,3003.0,81.0,0.4090909090909091,Hills flat finish,Hilly_Difficult,0.41127437464496297,37.39,Sprint of large group,Large group sprint,1662.0
TdF,2020,4,4,160.5,3200.0,200.0,1.2461059190031152,Mountains uphill finish,Medium_Mountain,0.5195047258297258,38.86,Sprint of small group,Small group sprint,1662.0
TdF,2020,5,5,183.0,1388.0,31.0,0.16939890710382513,Flat,Hilly,0.5187322195348512,42.01,Sprint of large group,Large group sprint,1662.0
TdF,2020,6,6,191.0,3087.0,227.0,1.1884816753926701,Mountains uphill finish,Hilly_Difficult,0.4206277958152959,42.04,17 km solo,Solo,1662.0
TdF,2020,7,7,168.0,2011.0,47.0,0.27976190476190477,Hills flat finish,Rolling,0.5114645515303411,47.54,Sprint of large group,Large group sprint,1662.0
TdF,2020,8,8,141.0,3821.0,295.0,2.0921985815602837,Mountains flat finish,Medium_Mountain,0.3838952318106731,34.93,35 km solo,Solo,1662.0
TdF,2020,9,9,153.0,3500.0,239.0,1.5620915032679739,Mountains flat finish,Mountain,0.39093055025040313,39.02,Sprint of small group,Small group sprint,1662.0
TdF,2020,10,10,168.5,531.0,2.0,0.011869436201780416,Flat,Flat,0.8062548701298702,46.94,Sprint of large group,Large group sprint,1662.0
TdF,2020,11,11,166.5,1008.0,13.0,0.07807807807807808,Flat,Flat,0.7528531282421571,41.62,Sprint of large group,Large group sprint,1662.0
TdF,2020,12,12,218.0,3389.0,142.0,0.6513761467889908,Hills uphill finish,Medium_Mountain,0.8174304625929628,42.36,28 km solo,Solo,1662.0
TdF,2020,13,13,191.5,4459.0,302.0,1.577023498694517,Mountains uphill finish,Mountain,0.5455295499027117,38.07,0.1 km solo,Solo,1662.0
TdF,2020,14,14,194.0,2646.0,73.0,0.37628865979381443,Mountains flat finish,Hilly_Difficult,0.40124100289545334,43.41,3 km solo,Solo,1662.0
TdF,2020,15,15,174.5,3724.0,390.0,2.2349570200573066,Mountains uphill finish,Medium_Mountain,0.4134607683982685,38.18,Sprint à deux,Sprint à deux,1662.0
TdF,2020,16,16,164.0,3903.0,250.0,1.524390243902439,Mountains uphill finish,Mountain,0.731349956212089,38.91,25 km solo,Solo,1662.0
TdF,2020,17,17,170.0,4430.0,444.0,2.611764705882353,Mountains uphill finish,Mountain,0.5124871820244266,35.28,3.5 km solo,Solo,1662.0
TdF,2020,18,18,175.0,5166.0,314.0,1.7942857142857143,Mountains flat finish,High_Mountain,0.9060119460862497,36.52,Other,Unknown type,1662.0
TdF,2020,19,19,166.5,2208.0,77.0,0.4624624624624625,Hills flat finish,Hilly_Difficult,0.46788138954857283,46.13,16 km solo,Solo,1662.0
TdF,2020,21,21,122.0,816.0,11.0,0.09016393442622951,Flat,Flat,0.7648409302685617,42.18,Sprint of large group,Large group sprint,1662.0
TdF,2021,1,1,197.8,2843.0,109.0,0.551061678463094,Hills uphill finish,Hilly_Difficult,0.7451202240827629,42.525,2.2 km solo,Solo,1646.0
TdF,2021,2,2,183.5,2210.0,102.0,0.555858310626703,Hills uphill finish,Hilly_Difficult,0.6919751023131456,42.592,0.75 km solo,Solo,1646.0
TdF,2021,3,3,182.9,1534.0,34.0,0.1858939311098961,Hills flat finish,Rolling,0.4722518315018314,45.447,Sprint of large group,Large group sprint,1646.0
TdF,2021,4,4,150.4,1404.0,24.0,0.15957446808510636,Flat,Rolling,0.5853868374272785,45.056,Sprint of large group,Large group sprint,1646.0
TdF,2021,6,6,160.4,977.0,5.0,0.031172069825436407,Flat,Flat,0.8191150330040619,48.704,Sprint of large group,Large group sprint,1646.0
TdF,2021,7,7,249.1,3120.0,146.0,0.586109995985548,Hills flat finish,Hilly_Difficult,0.49404423561633387,45.521,18 km solo,Solo,1646.0
TdF,2021,8,8,150.8,3557.0,310.0,2.055702917771883,Mountains flat finish,Medium_Mountain,0.3954625270562771,38.554,15.4 km solo,Solo,1646.0
TdF,2021,9,9,144.9,4628.0,381.0,2.629399585921325,Mountains uphill finish,High_Mountain,0.6783947313361769,32.596,17.3 km solo,Solo,1646.0
TdF,2021,10,10,190.7,1488.0,29.0,0.15207131620346095,Hills flat finish,Flat,0.4129021296363595,45.027,Sprint of large group,Large group sprint,1646.0
TdF,2021,11,11,198.9,4671.0,282.0,1.4177978883861238,Mountains flat finish,Mountain,0.5592728860192098,37.562,33.1 km solo,Solo,1646.0
TdF,2021,12,12,159.4,2052.0,52.0,0.3262233375156838,Hills flat finish,Rolling,0.5428640873015874,47.3,11.8 km solo,Solo,1646.0
TdF,2021,13,13,219.9,2023.0,29.0,0.1318781264211005,Hills flat finish,Flat,0.6381929981782922,43.332,Sprint of large group,Large group sprint,1646.0
TdF,2021,14,14,183.7,2877.0,125.0,0.6804572672836147,Mountains flat finish,Hilly_Difficult,0.7413674289891397,43.01,42.7 km solo,Solo,1646.0
TdF,2021,15,15,191.3,4572.0,234.0,1.2232096184004182,Mountains flat finish,Mountain,0.35805839605655776,36.777,19.5 km solo,Solo,1646.0
TdF,2021,16,16,169.0,3260.0,177.0,1.047337278106509,Mountains flat finish,Medium_Mountain,0.5100793650793651,41.904,34.6 km solo,Solo,1646.0
TdF,2021,17,17,178.4,4375.0,450.0,2.522421524663677,Mountains uphill finish,Mountain,0.5540165519600463,35.267,Sprint of small group,Small group sprint,1646.0
TdF,2021,18,18,129.7,3561.0,367.0,2.829606784888204,Mountains uphill finish,Hilly_Difficult,0.4706556221556224,36.407,0.6 km solo,Solo,1646.0
TdF,2021,19,19,207.0,1181.0,16.0,0.07729468599033816,Hills flat finish,Flat,0.7710457915837177,47.901,26 km solo,Solo,1646.0
TdF,2021,21,21,108.4,699.0,14.0,0.12915129151291513,Flat,Flat,0.8032585889987205,40.748,Sprint of large group,Large group sprint,1646.0
TdF,2022,2,2,202.2,1149.0,11.0,0.05440158259149357,Flat,Flat,0.7892779344408604,44.186,Sprint of large group,Large group sprint,1551.0
TdF,2022,3,3,182.0,1280.0,16.0,0.08791208791208792,Flat,Flat,0.7809390221813792,43.411,Sprint of large group,Large group sprint,1551.0
TdF,2022,4,4,171.5,1785.0,63.0,0.3673469387755102,Flat,Rolling,0.4278829365079364,42.591,11.6 km solo,Solo,1551.0
TdF,2022,5,5,157.0,601.0,1.0,0.006369426751592357,Flat,Flat,0.8186239177489176,48.661,Sprint of small group,Small group sprint,1551.0
TdF,2022,6,6,219.9,2477.0,85.0,0.38653933606184626,Hills uphill finish,Rolling,0.4364764718576992,49.376,Sprint of small group,Small group sprint,1551.0
TdF,2022,7,7,176.3,2526.0,192.0,1.0890527509926262,Mountains uphill finish,Hilly_Difficult,0.40388347763347754,44.321,Sprint à deux,Sprint à deux,1551.0
TdF,2022,8,8,186.3,2556.0,87.0,0.46698872785829304,Hills uphill finish,Hilly_Difficult,0.7047353627902812,44.164,Sprint of small group,Small group sprint,1551.0
TdF,2022,9,9,192.9,3743.0,223.0,1.1560393986521513,Hills uphill finish,Medium_Mountain,0.5705225108225106,40.377,60.5 km solo,Solo,1551.0
TdF,2022,10,10,148.1,2733.0,143.0,0.9655638082376773,Mountains uphill finish,Medium_Mountain,0.784886093073593,44.691,Sprint of small group,Small group sprint,1551.0
TdF,2022,11,11,151.7,4070.0,400.0,2.636783124588003,Mountains uphill finish,Mountain,0.5876022876790057,35.275,3.9 km solo,Solo,1551.0
TdF,2022,12,12,165.1,4660.0,389.0,2.3561477892186553,Mountains uphill finish,High_Mountain,0.676134072648198,33.534,11 km solo,Solo,1551.0
TdF,2022,13,13,192.6,2109.0,78.0,0.40498442367601245,Hills flat finish,Rolling,0.4439998329156223,45.667,Sprint of small group,Small group sprint,1551.0
TdF,2022,14,14,192.5,3441.0,170.0,0.8831168831168831,Hills flat finish,Medium_Mountain,0.8421827380952387,42.638,1.9 km solo,Solo,1551.0
TdF,2022,15,15,202.5,2416.0,64.0,0.3160493827160494,Hills flat finish,Rolling,0.3938980989234439,45.429,Sprint of large group,Large group sprint,1551.0
TdF,2022,16,16,178.5,3418.0,204.0,1.1428571428571428,Mountains flat finish,Medium_Mountain,0.4876832251082251,40.602,39 km solo,Solo,1551.0
TdF,2022,17,17,129.7,3364.0,324.0,2.4980724749421745,Mountains uphill finish,Hilly_Difficult,0.46443064574314574,37.806,Sprint à deux,Sprint à deux,1551.0
TdF,2022,18,18,143.2,4036.0,408.0,2.849162011173185,Mountains uphill finish,High_Mountain,0.6132096081518276,35.825,3.6 km solo,Solo,1551.0
TdF,2022,19,19,188.3,1316.0,35.0,0.18587360594795538,Hills uphill finish,Hilly,0.44244467374730545,48.684,0.4 km solo,Solo,1551.0
TdF,2022,21,21,115.6,748.0,13.0,0.11245674740484429,Flat,Flat,0.8027987294138608,38.85,Sprint of large group,Large group sprint,1551.0
TdF,2023,1,1,182.0,3221.0,166.0,0.9120879120879121,Hills uphill finish,Medium_Mountain,0.6730714285714285,41.55,0.35 km solo,Solo,1584.0
TdF,2023,2,2,208.9,2949.0,141.0,0.67496409765438,Hills flat finish,Hilly_Difficult,0.7000397857688333,43.726,0.95 km solo,Solo,1584.0
TdF,2023,3,3,193.5,2667.0,68.0,0.35142118863049093,Hills flat finish,Rolling,0.359713374452345,40.989,Sprint of large group,Large group sprint,1584.0
TdF,2023,4,4,181.8,1427.0,20.0,0.11001100110011,Flat,Flat,0.7601943303944079,41.09,Sprint of large group,Large group sprint,1584.0
TdF,2023,5,5,162.7,3652.0,239.0,1.468961278426552,Mountains flat finish,Mountain,0.39114483596468885,41.17,20.2 km solo,Solo,1584.0
TdF,2023,6,6,144.9,3894.0,310.0,2.139406487232574,Mountains uphill finish,Mountain,0.5042761384856975,37.083,2.7 km solo,Solo,1584.0
TdF,2023,7,7,169.9,808.0,7.0,0.04120070629782225,Flat,Flat,0.8415415410290605,45.013,Sprint of large group,Large group sprint,1584.0
TdF,2023,8,8,200.7,1996.0,61.0,0.3039362232187344,Hills flat finish,Rolling,0.5369342320261438,47.704,Sprint of large group,Large group sprint,1584.0
TdF,2023,9,9,182.4,3441.0,273.0,1.4967105263157894,Mountains uphill finish,Medium_Mountain,0.40048991702741715,42.144,0.44 km solo,Solo,1584.0
TdF,2023,10,10,167.2,3151.0,118.0,0.7057416267942584,Hills flat finish,Medium_Mountain,0.7555634920634919,43.136,Sprint of small group,Small group sprint,1584.0
TdF,2023,11,11,179.3,1873.0,34.0,0.18962632459564974,Hills flat finish,Hilly,0.3733086431112747,44.62,Sprint of large group,Large group sprint,1584.0
TdF,2023,12,12,168.8,3120.0,147.0,0.8708530805687204,Hills flat finish,Medium_Mountain,0.7374166666666667,43.712,30.8 km solo,Solo,1584.0
TdF,2023,13,13,137.8,2413.0,260.0,1.8867924528301885,Mountains uphill finish,Medium_Mountain,0.5412485119047619,41.853,11.7 km solo,Solo,1584.0
TdF,2023,14,14,151.8,4281.0,308.0,2.0289855072463765,Mountains flat finish,High_Mountain,0.5547813797292317,38.149,8 km solo,Solo,1584.0
TdF,2023,15,15,179.0,4483.0,335.0,1.8715083798882681,Mountains uphill finish,Mountain,0.5139347751921285,38.255,10.8 km solo,Solo,1584.0
TdF,2023,17,17,165.7,5399.0,445.0,2.6855763427881714,Mountains flat finish,High_Mountain,0.7442793903970165,34.386,13.1 km solo,Solo,1584.0
TdF,2023,18,18,184.9,1216.0,18.0,0.0973499188750676,Flat,Flat,0.7820558728015193,44.951,Sprint of small group,Small group sprint,1584.0
TdF,2023,19,19,172.8,1934.0,50.0,0.28935185185185186,Hills flat finish,Rolling,0.4282932852965747,49.13,Sprint of 3 riders,Small group sprint,1584.0
TdF,2023,20,20,133.5,3471.0,303.0,2.269662921348315,Mountains flat finish,Medium_Mountain,0.35836999458874463,38.64,Sprint of 5 riders,Small group sprint,1584.0
TdF,2023,21,21,115.1,577.0,14.0,0.12163336229365769,Flat,Flat,0.8184009258285571,39.19,Sprint of large group,Large group sprint,1584.0
Vuelta,2020,1,1,173.0,2975.0,209.0,1.2080924855491328,Hills flat finish,Medium_Mountain,0.626669318181818,39.53,1 km solo,Solo,692.0
Vuelta,2020,2,2,151.6,2435.0,171.0,1.1279683377308707,Mountains flat finish,Medium_Mountain,0.4294466991341992,40.06,14 km solo,Solo,692.0
Vuelta,2020,3,3,166.1,2779.0,117.0,0.7043949428055388,Mountains uphill finish,Medium_Mountain,0.6185597041847042,37.21,Sprint of small group,Small group sprint,692.0
Vuelta,2020,4,4,191.7,1160.0,15.0,0.0782472613458529,Flat,Flat,0.735254124917051,49.26,Sprint of large group,Large group sprint,692.0
Vuelta,2020,5,5,184.4,3407.0,185.0,1.0032537960954446,Hills uphill finish,Medium_Mountain,0.5840061507936508,42.65,Sprint à deux,Sprint à deux,692.0
Vuelta,2020,6,6,146.4,3020.0,185.0,1.2636612021857923,Mountains uphill finish,Medium_Mountain,0.6202907106782107,39.75,3 km solo,Solo,692.0
Vuelta,2020,7,7,159.7,2657.0,142.0,0.889167188478397,Hills flat finish,Medium_Mountain,0.4523157467532468,41.98,1 km solo,Solo,692.0
Vuelta,2020,8,8,164.0,3021.0,249.0,1.5182926829268293,Mountains uphill finish,Medium_Mountain,0.555090007215007,39.82,0.8 km solo,Solo,692.0
Vuelta,2020,9,9,157.7,1163.0,18.0,0.114140773620799,Flat,Flat,0.8142293873996661,43.03,Sprint of large group,Large group sprint,692.0
Vuelta,2020,10,10,185.0,2302.0,84.0,0.4540540540540541,Hills uphill finish,Hilly_Difficult,0.6405067539185025,43.67,Sprint of small group,Small group sprint,692.0
Vuelta,2020,11,11,170.0,5098.0,435.0,2.5588235294117645,Mountains uphill finish,High_Mountain,0.6931798519495677,34.67,0.5 km solo,Solo,692.0
Vuelta,2020,12,12,109.4,3125.0,452.0,4.131627056672761,Mountains uphill finish,Hilly_Difficult,0.3150565961815962,34.79,1 km solo,Solo,692.0
Vuelta,2020,14,14,204.7,3057.0,100.0,0.4885197850512946,Hills uphill finish,Hilly_Difficult,0.6898845381085326,44.33,0.3 km solo,Solo,692.0
Vuelta,2020,15,15,230.8,4448.0,158.0,0.6845753899480069,Hills flat finish,Mountain,0.46095272089022066,36.54,Sprint of large group,Large group sprint,692.0
Vuelta,2020,16,16,162.0,2762.0,122.0,0.7530864197530864,Hills flat finish,Medium_Mountain,0.6458027597402597,39.74,Sprint of large group,Large group sprint,692.0
Vuelta,2020,17,17,178.2,4365.0,316.0,1.7732884399551068,Mountains uphill finish,Mountain,0.5673054149690181,36.3,4 km solo,Solo,692.0
Vuelta,2020,18,18,139.6,1492.0,30.0,0.21489971346704873,Hills flat finish,Rolling,0.7221017268550163,40.23,Sprint of large group,Large group sprint,692.0
Vuelta,2021,2,2,166.7,1049.0,10.0,0.0599880023995201,Flat,Flat,0.8091983663373951,41.858,Sprint of large group,Large group sprint,1023.0
Vuelta,2021,3,3,202.8,2787.0,232.0,1.1439842209072977,Mountains uphill finish,Hilly_Difficult,0.3801312950937951,38.391,2.8 km solo,Solo,1023.0
Vuelta,2021,4,4,163.9,1534.0,23.0,0.1403294691885296,Hills uphill finish,Flat,0.6840113377227349,44.076,Sprint of large group,Large group sprint,1023.0
Vuelta,2021,5,5,184.4,640.0,2.0,0.010845986984815618,Flat,Flat,0.8113338693577664,41.801,Sprint of large group,Large group sprint,1023.0
Vuelta,2021,6,6,158.3,902.0,50.0,0.31585596967782686,Hills uphill finish,Hilly,0.33767559523809537,45.039,0.77 km solo,Solo,1023.0
Vuelta,2021,7,7,152.0,3744.0,272.0,1.7894736842105263,Mountains uphill finish,Medium_Mountain,0.38588911435786444,36.448,3.2 km solo,Solo,1023.0
Vuelta,2021,8,8,173.7,923.0,23.0,0.13241220495106507,Flat,Flat,0.7519910815878308,44.145,Sprint of large group,Large group sprint,1023.0
Vuelta,2021,9,9,188.0,4725.0,348.0,1.851063829787234,Mountains uphill finish,Mountain,0.4923938538993688,37.199,71.1 km solo,Solo,1023.0
Vuelta,2021,10,10,189.0,2390.0,134.0,0.708994708994709,Hills flat finish,Hilly_Difficult,0.7476675685425686,45.478,19 km solo,Solo,1023.0
Vuelta,2021,11,11,133.6,2647.0,155.0,1.160179640718563,Hills uphill finish,Medium_Mountain,0.6258905483405485,41.969,Sprint à deux,Sprint à deux,1023.0
Vuelta,2021,12,12,175.0,2018.0,107.0,0.6114285714285714,Hills flat finish,Hilly_Difficult,0.6181818865011798,46.802,Sprint of large group,Large group sprint,1023.0
Vuelta,2021,13,13,203.7,1645.0,22.0,0.10800196367206677,Flat,Flat,0.7598810211546282,40.961,Sprint of small group,Small group sprint,1023.0
Vuelta,2021,14,14,165.7,3448.0,288.0,1.7380808690404346,Mountains uphill finish,Mountain,0.39244877548921664,38.15,6 km solo,Solo,1023.0
Vuelta,2021,15,15,197.5,3860.0,167.0,0.8455696202531645,Mountains flat finish,Mountain,0.3816085195441813,40.638,87.3 km solo,Solo,1023.0
Vuelta,2021,16,16,180.0,2279.0,81.0,0.45,Hills flat finish,Hilly_Difficult,0.5411720641517475,43.382,Sprint of large group,Large group sprint,1023.0
Vuelta,2021,17,17,185.8,4519.0,366.0,1.9698600645855757,Mountains uphill finish,Mountain,0.5611851602237633,40.575,7.5 km solo,Solo,1023.0
Vuelta,2021,18,18,162.6,4951.0,509.0,3.130381303813038,Mountains uphill finish,Mountain,0.8246485056233719,34.676,2.7 km solo,Solo,1023.0
Vuelta,2021,19,19,191.2,3540.0,98.0,0.5125523012552301,Hills flat finish,Medium_Mountain,0.7457452380952383,43.307,Sprint of small group,Small group sprint,1023.0
Vuelta,2021,20,20,202.2,4214.0,251.0,1.241345202769535,Hills uphill finish,Mountain,0.45671547896547887,37.697,1.7 km solo,Solo,1023.0
Vuelta,2022,2,2,175.1,518.0,10.0,0.05711022272986865,Flat,Flat,0.789482142857143,45.764,Sprint of large group,Large group sprint,968.0
Vuelta,2022,3,3,193.2,255.0,0.0,0.0,Flat,Flat,0.9180700151564122,47.144,Sprint of large group,Large group sprint,968.0
Vuelta,2022,4,4,152.5,2319.0,133.0,0.8721311475409836,Hills uphill finish,Hilly_Difficult,0.4752767857142859,43.348,Sprint of large group,Large group sprint,968.0
Vuelta,2022,5,5,187.2,2978.0,162.0,0.8653846153846154,Hills flat finish,Hilly_Difficult,0.7409474206349206,43.981,15.4 km solo,Solo,968.0
Vuelta,2022,6,6,181.2,4120.0,294.0,1.6225165562913908,Mountains uphill finish,Mountain,0.5646287562519183,39.108,6.5 km solo,Solo,968.0
Vuelta,2022,7,7,190.0,3359.0,112.0,0.5894736842105263,Hills flat finish,Medium_Mountain,0.8682363095238098,42.072,Sprint of small group,Small group sprint,968.0
Vuelta,2022,8,8,153.4,3741.0,335.0,2.1838331160365057,Mountains uphill finish,Medium_Mountain,0.3790805826118327,37.504,5.9 km solo,Solo,968.0
Vuelta,2022,9,9,171.4,3675.0,242.0,1.411901983663944,Mountains uphill finish,Medium_Mountain,0.412482593795094,37.719,2.5 km solo,Solo,968.0
Vuelta,2022,11,11,191.2,1592.0,38.0,0.198744769874477,Flat,Hilly,0.5055508592284909,37.832,Sprint of large group,Large group sprint,968.0
Vuelta,2022,12,12,192.7,3238.0,273.0,1.4167099117799689,Mountains uphill finish,Mountain,0.40924648268398267,41.525,1.9 km solo,Solo,968.0
Vuelta,2022,13,13,168.4,1766.0,54.0,0.32066508313539194,Flat,Rolling,0.49686210317460305,44.705,Sprint of large group,Large group sprint,968.0
Vuelta,2022,14,14,160.3,3312.0,278.0,1.734248284466625,Mountains uphill finish,Mountain,0.4070634867583398,38.557,3.3 km solo,Solo,968.0
Vuelta,2022,15,15,152.6,4033.0,407.0,2.667103538663172,Mountains uphill finish,Mountain,0.5956402566544746,35.587,6.5 km solo,Solo,968.0
Vuelta,2022,16,16,189.4,1076.0,28.0,0.14783526927138332,Flat,Flat,0.43213546691526566,39.806,Sprint of small group,Small group sprint,968.0
Vuelta,2022,17,17,162.3,2755.0,161.0,0.9919901417128774,Flat,Medium_Mountain,0.6543731962481961,43.773,Sprint of small group,Small group sprint,968.0
Vuelta,2022,18,18,192.0,3680.0,214.0,1.1145833333333333,Mountains uphill finish,Medium_Mountain,0.5824525793650792,40.381,Sprint of small group,Small group sprint,968.0
Vuelta,2022,19,19,138.3,2278.0,101.0,0.7302964569775849,Mountains flat finish,Hilly_Difficult,0.3694196428571429,41.66,Sprint of large group,Large group sprint,968.0
Vuelta,2022,20,20,181.0,3977.0,216.0,1.1933701657458564,Mountains flat finish,Mountain,0.3934998643105261,38.57,7.2 km solo,Solo,968.0
Vuelta,2022,21,21,96.7,773.0,10.0,0.10341261633919338,Flat,Flat,0.8278600847252161,39.577,Sprint of large group,Large group sprint,968.0
Vuelta,2023,2,2,181.8,2754.0,80.0,0.44004400440044,Hills flat finish,Hilly_Difficult,0.5617315636799973,41.26,3.7 km solo,Solo,846.0
Vuelta,2023,3,3,158.5,3472.0,263.0,1.6593059936908516,Mountains uphill finish,Mountain,0.40140277247262546,37.199,Sprint of 11 riders,Small group sprint,846.0
Vuelta,2023,4,4,184.6,1822.0,57.0,0.3087757313109426,Hills flat finish,Rolling,0.5216458333333331,45.082,Sprint of large group,Large group sprint,846.0
Vuelta,2023,5,5,186.2,2395.0,65.0,0.3490870032223416,Hills flat finish,Rolling,0.42508553861597337,42.364,Sprint of large group,Large group sprint,846.0
Vuelta,2023,6,6,183.1,4013.0,273.0,1.490988530857455,Mountains uphill finish,Mountain,0.571156534029696,41.072,2.5 km solo,Solo,846.0
Vuelta,2023,7,7,200.8,1144.0,12.0,0.0597609561752988,Flat,Flat,0.789099363012289,40.636,Sprint of large group,Large group sprint,846.0
Vuelta,2023,8,8,165.0,3619.0,235.0,1.4242424242424243,Mountains flat finish,Mountain,0.39306547088532384,38.997,Sprint of 8 riders,Small group sprint,846.0
Vuelta,2023,9,9,184.5,3041.0,162.0,0.8780487804878049,Mountains uphill finish,Hilly_Difficult,0.6423941197691196,41.155,5.5 km solo,Solo,846.0
Vuelta,2023,11,11,163.2,2203.0,112.0,0.6862745098039216,Hills uphill finish,Hilly_Difficult,0.5804315476190474,46.788,0.15 km solo,Solo,846.0
Vuelta,2023,12,12,150.6,865.0,11.0,0.07304116865869854,Flat,Flat,0.846062765418706,44.385,Sprint of large group,Large group sprint,846.0
Vuelta,2023,13,13,134.7,4266.0,400.0,2.9695619896065333,Mountains uphill finish,High_Mountain,0.6772601853266309,34.962,7.7 km solo,Solo,846.0
Vuelta,2023,14,14,156.2,4531.0,406.0,2.5992317541613317,Mountains uphill finish,Mountain,0.5714503490005827,36.951,3.9 km solo,Solo,846.0
Vuelta,2023,15,15,158.3,2494.0,111.0,0.7012002526847757,Hills flat finish,Hilly_Difficult,0.497830357142857,45.028,Sprint of 3 riders,Small group sprint,846.0
Vuelta,2023,16,16,120.1,2122.0,153.0,1.2739383846794339,Hills uphill finish,Medium_Mountain,0.2694422258297259,45.497,3.9 km solo,Solo,846.0
Vuelta,2023,17,17,124.4,3269.0,464.0,3.729903536977492,Mountains uphill finish,Hilly_Difficult,0.5139896284271284,38.095,Other,Unknown type,846.0
Vuelta,2023,18,18,178.9,4630.0,422.0,2.358859698155394,Mountains uphill finish,Mountain,0.4731523176578325,37.321,29 km solo,Solo,846.0
Vuelta,2023,19,19,177.1,919.0,8.0,0.04517221908526257,Flat,Flat,0.8035236690983595,47.833,Sprint of large group,Large group sprint,846.0
Vuelta,2023,20,20,207.8,4361.0,186.0,0.8950914340712223,Hills flat finish,Mountain,0.47177910977910964,41.632,Sprint of small group,Small group sprint,846.0
Vuelta,2023,21,21,101.5,878.0,12.0,0.11822660098522167,Flat,Flat,0.6582402389277391,42.228,Sprint of small group,Small group sprint,846.0
Giro,2020,2,2,149.0,2359.0,92.0,0.6174496644295302,Hills uphill finish,Hilly_Difficult,0.45731504329004324,43.62,Sprint of small group,Small group sprint,765.0
Giro,2020,3,3,150.0,3516.0,293.0,1.9533333333333334,Mountains uphill finish,Mountain,0.3601207346574993,37.11,14 km solo,Solo,765.0
Giro,2020,4,4,140.0,1791.0,45.0,0.32142857142857145,Mountains flat finish,Rolling,0.6016140873015874,41.54,Sprint of large group,Large group sprint,765.0
Giro,2020,5,5,225.0,4705.0,264.0,1.1733333333333333,Mountains flat finish,Mountain,0.4072316325422943,37.57,17 km solo,Solo,765.0
Giro,2020,6,6,188.0,2821.0,107.0,0.5691489361702128,Hills flat finish,Hilly_Difficult,0.7129009257211658,38.28,Sprint of large group,Large group sprint,765.0
Giro,2020,7,7,143.0,450.0,5.0,0.03496503496503497,Flat,Flat,0.739785624098124,51.23,Sprint of large group,Large group sprint,765.0
Giro,2020,8,8,200.0,2197.0,116.0,0.58,Hills flat finish,Hilly_Difficult,0.6896383987389422,41.36,18 km solo,Solo,765.0
Giro,2020,9,9,208.0,4544.0,222.0,1.0673076923076923,Mountains uphill finish,Mountain,0.4151855505605505,36.56,0.1 km solo,Solo,765.0
Giro,2020,10,10,177.0,2057.0,134.0,0.7570621468926554,Hills flat finish,Hilly_Difficult,0.6192791087234017,43.9,12 km solo,Solo,765.0
Giro,2020,11,11,182.0,1197.0,50.0,0.27472527472527475,Hills flat finish,Hilly,0.5167686688311689,44.78,Sprint of large group,Large group sprint,765.0
Giro,2020,12,12,204.0,3815.0,164.0,0.803921568627451,Hills flat finish,Medium_Mountain,0.7622511904761906,36.93,25 km solo,Solo,765.0
Giro,2020,13,13,192.0,827.0,86.0,0.4479166666666667,Flat,Hilly,0.4273650793650795,43.92,Sprint of large group,Large group sprint,765.0
Giro,2020,15,15,185.0,4515.0,347.0,1.8756756756756756,Mountains uphill finish,Mountain,0.5475831164342194,37.14,0.2 km solo,Solo,765.0
Giro,2020,16,16,229.0,4056.0,238.0,1.039301310043668,Hills uphill finish,Mountain,0.45413567682317646,37.69,0.6 km solo,Solo,765.0
Giro,2020,17,17,203.0,5650.0,316.0,1.5566502463054188,Mountains uphill finish,High_Mountain,0.6563846153846155,34.7,8 km solo,Solo,765.0
Giro,2020,18,18,207.0,5848.0,400.0,1.932367149758454,Mountains flat finish,High_Mountain,0.8204090857113308,34.21,Sprint à deux,Sprint à deux,765.0
Giro,2020,19,19,124.0,406.0,11.0,0.08870967741935484,Flat,Flat,0.6611914682539681,49.38,23 km solo,Solo,765.0
Giro,2020,20,20,190.0,3716.0,262.0,1.3789473684210527,Mountains uphill finish,Medium_Mountain,0.4465514249639251,38.94,Sprint à deux,Sprint à deux,765.0
Giro,2021,2,2,179.0,707.0,9.0,0.05027932960893855,Flat,Flat,0.8195541833574922,41.126,Sprint of large group,Large group sprint,885.0
Giro,2021,3,3,190.0,1870.0,103.0,0.5421052631578948,Hills flat finish,Hilly_Difficult,0.556284181096681,43.597,8.6 km solo,Solo,885.0
Giro,2021,4,4,187.0,3138.0,252.0,1.3475935828877006,Hills flat finish,Medium_Mountain,0.3726621031746033,37.571,2.5 km solo,Solo,885.0
Giro,2021,5,5,177.0,363.0,0.0,0.0,Flat,Flat,0.8490781822344323,42.993,Sprint of large group,Large group sprint,885.0
Giro,2021,6,6,160.0,3595.0,221.0,1.38125,Mountains uphill finish,Mountain,0.3919404708853238,37.229,3.3 km solo,Solo,885.0
Giro,2021,7,7,181.0,1725.0,37.0,0.20441988950276244,Hills uphill finish,Rolling,0.5941725288600288,38.483,Sprint of large group,Large group sprint,885.0
Giro,2021,8,8,170.0,3085.0,133.0,0.7823529411764706,Hills uphill finish,Medium_Mountain,0.8233541666666666,41.332,2.2 km solo,Solo,885.0
Giro,2021,9,9,158.0,3503.0,196.0,1.240506329113924,Hills uphill finish,Medium_Mountain,0.4184222041847043,38.167,0.2 km solo,Solo,885.0
Giro,2021,10,10,139.0,1460.0,60.0,0.4316546762589928,Hills flat finish,Rolling,0.36868055555555557,43.68,Sprint of large group,Large group sprint,885.0
Giro,2021,11,11,162.0,2364.0,174.0,1.0740740740740742,Hills flat finish,Medium_Mountain,0.41716666666666674,40.179,Sprint à deux,Sprint à deux,885.0
Giro,2021,12,12,212.0,4433.0,223.0,1.0518867924528301,Mountains flat finish,Mountain,0.42768555056055035,36.998,Sprint à deux,Sprint à deux,885.0
Giro,2021,13,13,198.0,199.0,0.0,0.0,Flat,Flat,0.9311533484897455,42.08,Sprint of large group,Large group sprint,885.0
Giro,2021,14,14,205.0,3580.0,341.0,1.6634146341463414,Mountains uphill finish,Mountain,0.5102922077922082,38.756,2.3 km solo,Solo,885.0
Giro,2021,15,15,147.0,1682.0,106.0,0.7210884353741497,Hills flat finish,Medium_Mountain,0.44129761904761894,42.937,Sprint à deux,Sprint à deux,885.0
Giro,2021,16,16,153.0,3942.0,295.0,1.9281045751633987,Mountains flat finish,Mountain,0.7138127989249315,34.947,21 km solo,Solo,885.0
Giro,2021,17,17,193.0,3703.0,408.0,2.1139896373056994,Mountains uphill finish,Medium_Mountain,0.4424403138528139,39.303,10 km solo,Solo,885.0
Giro,2021,18,18,231.0,1398.0,74.0,0.3203463203463203,Hills flat finish,Hilly,0.6113728705763605,44.04,6.5 km solo,Solo,885.0
Giro,2021,19,19,166.0,2811.0,292.0,1.7590361445783131,Mountains uphill finish,Medium_Mountain,0.5194837662337661,41.002,5.5 km solo,Solo,885.0
Giro,2021,20,20,164.0,3867.0,305.0,1.8597560975609757,Mountains uphill finish,Mountain,0.7053802592423919,36.732,2 km solo,Solo,885.0
Giro,2022,1,1,195.0,1390.0,51.0,0.26153846153846155,Hills uphill finish,Hilly,0.7115495754245754,42.473,Sprint of large group,Large group sprint,817.0
Giro,2022,3,3,201.0,1150.0,7.0,0.03482587064676617,Flat,Flat,0.789099363012289,40.654,Sprint of large group,Large group sprint,817.0
Giro,2022,4,4,172.0,3626.0,251.0,1.4593023255813953,Mountains uphill finish,Medium_Mountain,0.4158020382395384,37.916,Sprint à deux,Sprint à deux,817.0
Giro,2022,5,5,174.0,1968.0,31.0,0.1781609195402299,Hills flat finish,Rolling,0.35099650568729507,42.799,Sprint of large group,Large group sprint,817.0
Giro,2022,6,6,192.0,1498.0,49.0,0.2552083333333333,Hills flat finish,Hilly,0.8242742778055278,38.076,Sprint of large group,Large group sprint,817.0
Giro,2022,7,7,196.0,4730.0,246.0,1.2551020408163265,Mountains flat finish,Mountain,0.3860943909032144,37.632,Sprint of small group,Small group sprint,817.0
Giro,2022,8,8,153.0,2243.0,123.0,0.803921568627451,Hills flat finish,Hilly_Difficult,0.4793710317460318,43.122,Sprint of small group,Small group sprint,817.0
Giro,2022,9,9,191.0,5080.0,458.0,2.397905759162304,Mountains uphill finish,Mountain,0.4625396872327021,34.236,Sprint of small group,Small group sprint,817.0
Giro,2022,10,10,196.0,1764.0,86.0,0.4387755102040816,Hills flat finish,Hilly_Difficult,0.5288663690476191,43.217,Sprint of small group,Small group sprint,817.0
Giro,2022,11,11,203.0,369.0,0.0,0.0,Flat,Flat,0.8679033484897455,47.015,Sprint of large group,Large group sprint,817.0
Giro,2022,12,12,204.0,2867.0,112.0,0.5490196078431373,Hills flat finish,Hilly_Difficult,0.7707851680569173,45.88,Sprint of small group,Small group sprint,817.0
Giro,2022,13,13,150.0,1817.0,51.0,0.34,Hills flat finish,Rolling,0.5357591943874838,45.393,Sprint of large group,Large group sprint,817.0
Giro,2022,14,14,147.0,3167.0,247.0,1.6802721088435375,Hills flat finish,Medium_Mountain,0.3961635101010102,39.422,4.6 km solo,Solo,817.0
Giro,2022,15,15,177.0,4019.0,301.0,1.7005649717514124,Mountains uphill finish,Mountain,0.5915696160457192,38.245,18.8 km solo,Solo,817.0
Giro,2022,16,16,202.0,5268.0,376.0,1.8613861386138615,Mountains flat finish,Mountain,0.4663943209568209,35.569,7.9 km solo,Solo,817.0
Giro,2022,17,17,168.0,3950.0,347.0,2.0654761904761907,Mountains flat finish,Mountain,0.6055407504002708,37.656,8.2 km solo,Solo,817.0
Giro,2022,18,18,156.0,1219.0,34.0,0.21794871794871795,Hills flat finish,Hilly,0.3274107142857142,46.486,Sprint of small group,Small group sprint,817.0
Giro,2022,19,19,178.0,3489.0,262.0,1.4719101123595506,Mountains uphill finish,Medium_Mountain,0.4061704725829728,39.133,Sprint of small group,Small group sprint,817.0
Giro,2022,20,20,168.0,4718.0,392.0,2.3333333333333335,Mountains uphill finish,High_Mountain,0.5016405624818936,35.175,53.7 km solo,Solo,817.0
Giro,2023,2,2,202.0,1831.0,51.0,0.2524752475247525,Hills flat finish,Rolling,0.4091604225023341,41.059,Sprint of large group,Large group sprint,835.0
Giro,2023,3,3,213.0,1777.0,92.0,0.431924882629108,Hills flat finish,Hilly_Difficult,0.5114576912853228,42.362,Sprint of large group,Large group sprint,835.0
Giro,2023,4,4,175.0,3667.0,207.0,1.1828571428571428,Mountains flat finish,Medium_Mountain,0.4955469336219337,41.005,Sprint à deux,Sprint à deux,835.0
Giro,2023,5,5,171.0,2529.0,77.0,0.4502923976608187,Hills flat finish,Hilly_Difficult,0.5307450896024264,37.955,Sprint of large group,Large group sprint,835.0
Giro,2023,6,6,162.0,2581.0,92.0,0.5679012345679012,Hills flat finish,Hilly_Difficult,0.5133142947051227,43.248,Sprint of large group,Large group sprint,835.0
Giro,2023,7,7,218.0,4143.0,253.0,1.1605504587155964,Mountains uphill finish,Mountain,0.47336428848928824,35.479,0.17 km solo,Solo,835.0
Giro,2023,8,8,207.0,2790.0,180.0,0.8695652173913043,Hills flat finish,Hilly_Difficult,0.6586367528003397,43.671,50.2 km solo,Solo,835.0
Giro,2023,10,10,196.0,3020.0,76.0,0.3877551020408163,Hills flat finish,Hilly_Difficult,0.40623270797829625,40.378,Sprint of 3 riders,Small group sprint,835.0
Giro,2023,11,11,219.0,2430.0,60.0,0.273972602739726,Hills flat finish,Rolling,0.4380848268197306,42.52,Sprint of large group,Large group sprint,835.0
Giro,2023,12,12,185.0,2348.0,112.0,0.6054054054054054,Hills flat finish,Hilly_Difficult,0.8180041666666669,42.993,Sprint of 3 riders,Small group sprint,835.0
Giro,2023,13,13,74.6,2456.0,283.0,3.7935656836461127,Mountains uphill finish,Hilly,0.3746083846708846,32.827,0.2 km solo,Solo,835.0
Giro,2023,14,14,194.0,2336.0,68.0,0.35051546391752575,Hills flat finish,Rolling,0.41110174780723974,41.946,Sprint of 6 riders,Small group sprint,835.0
Giro,2023,15,15,195.0,4040.0,202.0,1.035897435897436,Mountains flat finish,Mountain,0.3890631898738517,37.303,Sprint of 3 riders,Small group sprint,835.0
Giro,2023,16,16,203.0,5852.0,456.0,2.2463054187192117,Mountains uphill finish,High_Mountain,0.8354993634891084,34.46,Sprint à deux,Sprint à deux,835.0
Giro,2023,17,17,197.0,523.0,5.0,0.025380710659898477,Flat,Flat,0.797828943727841,44.414,Sprint of large group,Large group sprint,835.0
Giro,2023,18,18,161.0,4153.0,362.0,2.248447204968944,Mountains uphill finish,Mountain,0.7174473518397672,36.425,Sprint à deux,Sprint à deux,835.0
Giro,2023,19,19,183.0,5423.0,478.0,2.612021857923497,Mountains uphill finish,High_Mountain,0.9184385864748463,33.464,1.5 km solo,Solo,835.0
Giro,2023,21,21,126.0,692.0,21.0,0.16666666666666666,Flat,Rolling,0.5750613553113555,44.884,Sprint of large group,Large group sprint,835.0
Giro,2024,1,1,140.0,1851.0,145.0,1.0357142857142858,Hills flat finish,Medium_Mountain,0.43205357142857137,43.214,Sprint of 3 riders,Small group sprint,721.0
Giro,2024,2,2,161.0,2310.0,222.0,1.3788819875776397,Mountains uphill finish,Medium_Mountain,0.3755294011544009,41.223,4.3 km solo,Solo,721.0
Giro,2024,3,3,166.3,865.0,35.0,0.21046301864101022,Flat,Hilly,0.2846793831168832,42.535,Sprint of large group,Large group sprint,721.0
Giro,2024,4,4,190.0,2151.0,44.0,0.23157894736842105,Hills flat finish,Rolling,0.3858616474899368,44.523,Sprint of large group,Large group sprint,721.0
Giro,2024,5,5,178.0,2197.0,59.0,0.33146067415730335,Hills flat finish,Rolling,0.523811142439432,44.503,Sprint of 3 riders,Small group sprint,721.0
Giro,2024,6,6,180.0,2118.0,102.0,0.5666666666666667,Flat,Hilly_Difficult,0.7062473626916561,44.788,Sprint of 3 riders,Small group sprint,721.0
Giro,2024,8,8,152.0,3658.0,265.0,1.743421052631579,Mountains uphill finish,Medium_Mountain,0.39511530483405494,37.644,Sprint of 7 riders,Small group sprint,721.0
Giro,2024,9,9,214.0,1574.0,77.0,0.3598130841121495,Hills flat finish,Hilly,0.6971532738095237,45.153,Sprint of large group,Large group sprint,721.0
Giro,2024,10,10,142.0,3029.0,267.0,1.880281690140845,Mountains uphill finish,Medium_Mountain,0.5219469246031746,38.064,2.5 km solo,Solo,721.0
Giro,2024,11,11,207.0,1830.0,36.0,0.17391304347826086,Flat,Hilly,0.38675324018087165,47.171,Sprint of large group,Large group sprint,721.0
Giro,2024,12,12,193.0,2162.0,95.0,0.49222797927461137,Hills flat finish,Hilly_Difficult,0.6972104842416011,46.744,11.5 km solo,Solo,721.0
Giro,2024,13,13,179.0,202.0,0.0,0.0,Flat,Flat,0.9284740155677658,44.371,Sprint of large group,Large group sprint,721.0
Giro,2024,15,15,222.0,5724.0,397.0,1.7882882882882882,Mountains uphill finish,Mountain,0.4383139638139638,35.834,1.9 km solo,Solo,721.0
Giro,2024,16,16,118.4,2151.0,234.0,1.9763513513513513,Mountains uphill finish,Medium_Mountain,0.2521527326839828,41.88,0.65 km solo,Solo,721.0
Giro,2024,17,17,159.0,4087.0,341.0,2.1446540880503147,Mountains uphill finish,Mountain,0.7174473518397672,35.484,34.3 km solo,Solo,721.0
Giro,2024,18,18,178.0,873.0,18.0,0.10112359550561797,Flat,Flat,0.772648569417339,47.312,Sprint of large group,Large group sprint,721.0
Giro,2024,19,19,157.0,3251.0,258.0,1.643312101910828,Hills flat finish,Mountain,0.4406001029199558,40.765,28 km solo,Solo,721.0
Giro,2024,20,20,184.0,4540.0,316.0,1.7173913043478262,Mountains flat finish,Mountain,0.5507081164342195,36.999,34.1 km solo,Solo,721.0
Giro,2024,21,21,125.0,676.0,13.0,0.104,Flat,Flat,0.7988438440214755,43.647,Sprint of large group,Large group sprint,721.0
TdF,2024,1,1,206.0,3821.0,176.0,0.8543689320388349,Mountains flat finish,Medium_Mountain,0.6953761904761904,40.213,Other,Unknown type,1723.0
TdF,2024,2,2,199.2,1859.0,109.0,0.5471887550200804,Hills flat finish,Hilly_Difficult,0.6238094270925153,42.129,14.3 km solo,Solo,1723.0
TdF,2024,3,3,230.8,1190.0,16.0,0.06932409012131716,Flat,Flat,0.7931956833586092,42.375,Sprint of small group,Small group sprint,1723.0
TdF,2024,4,4,139.6,3904.0,187.0,1.339541547277937,Mountains flat finish,Mountain,0.5163979819200408,36.958,19.3 km solo,Solo,1723.0
TdF,2024,5,5,177.4,1126.0,25.0,0.14092446448703494,Flat,Flat,0.7890077493563371,42.787,Sprint of large group,Large group sprint,1723.0
TdF,2024,6,6,163.5,881.0,7.0,0.04281345565749235,Flat,Flat,0.8201289284223688,46.292,Sprint of large group,Large group sprint,1723.0
TdF,2024,8,8,183.4,2334.0,63.0,0.3435114503816794,Hills flat finish,Rolling,0.4510173567977916,44.945,Sprint of large group,Large group sprint,1723.0
TdF,2024,9,9,199.0,2012.0,30.0,0.1507537688442211,Hills flat finish,Flat,0.34727426189007055,45.973,Sprint of 6 riders,Small group sprint,1723.0
TdF,2024,10,10,187.3,888.0,6.0,0.03203416978109984,Flat,Flat,0.8195934017500389,43.206,Sprint of large group,Large group sprint,1723.0
TdF,2024,11,11,211.0,4177.0,241.0,1.1421800947867298,Mountains uphill finish,Mountain,0.4675130980130978,42.483,Sprint à deux,Sprint à deux,1723.0
TdF,2024,12,12,203.6,2253.0,53.0,0.26031434184675833,Flat,Rolling,0.5553058903385916,47.487,Sprint of large group,Large group sprint,1723.0
TdF,2024,13,13,165.3,1884.0,53.0,0.32062915910465817,Flat,Rolling,0.4630016186299081,48.821,Sprint of 15 riders,Small group sprint,1723.0
TdF,2024,14,14,151.9,4050.0,340.0,2.238314680710994,Mountains uphill finish,Mountain,0.5818769912363179,37.685,4.6 km solo,Solo,1723.0
TdF,2024,15,15,197.7,5071.0,366.0,1.851289833080425,Mountains uphill finish,Mountain,0.4990019798420537,37.787,5.4 km solo,Solo,1723.0
TdF,2024,16,16,188.6,1176.0,15.0,0.07953340402969247,Flat,Flat,0.7643426173070138,45.003,Sprint of large group,Large group sprint,1723.0
TdF,2024,17,17,177.8,3091.0,177.0,0.9955005624296962,Hills uphill finish,Medium_Mountain,0.6318869047619046,43.328,13.3 km solo,Solo,1723.0
TdF,2024,18,18,179.5,3123.0,101.0,0.5626740947075209,Hills flat finish,Medium_Mountain,0.6591755952380951,43.023,Sprint of 3 riders,Small group sprint,1723.0
TdF,2024,19,19,144.6,4512.0,275.0,1.90179806362379,Mountains uphill finish,High_Mountain,0.6673914592459486,35.55,1.9 km solo,Solo,1723.0
TdF,2024,20,20,132.8,4748.0,380.0,2.8614457831325297,Mountains uphill finish,Mountain,0.6258771456946008,32.607,0.15 km solo,Solo,1723.0
Vuelta,2024,2,2,194.0,2678.0,86.0,0.44329896907216493,Hills flat finish,Hilly_Difficult,0.5733014896260842,37.198,Sprint of large group,Large group sprint,916.0
Vuelta,2024,3,3,191.2,2620.0,58.0,0.3033472803347281,Hills flat finish,Hilly_Difficult,0.3763334379114179,40.869,Sprint of large group,Large group sprint,916.0
Vuelta,2024,4,4,170.5,3519.0,238.0,1.3958944281524928,Mountains uphill finish,Medium_Mountain,0.3947821969696972,38.341,Sprint of 7 riders,Small group sprint,916.0
Vuelta,2024,5,5,177.0,1691.0,32.0,0.1807909604519774,Flat,Rolling,0.4923054029304029,40.005,Sprint of large group,Large group sprint,916.0
Vuelta,2024,6,6,185.5,3711.0,170.0,0.9164420485175202,Mountains uphill finish,Medium_Mountain,0.7732341450216453,41.499,27.6 km solo,Solo,916.0
Vuelta,2024,7,7,180.5,1943.0,78.0,0.43213296398891965,Hills flat finish,Hilly_Difficult,0.44631032647422036,42.363,Sprint of 33 riders,Small group sprint,916.0
Vuelta,2024,8,8,159.0,2641.0,145.0,0.9119496855345912,Hills uphill finish,Medium_Mountain,0.47889908008658,43.648,Sprint à deux,Sprint à deux,916.0
Vuelta,2024,9,9,178.5,4486.0,305.0,1.7086834733893557,Mountains flat finish,Mountain,0.512663941858795,37.916,58.3 km solo,Solo,916.0
Vuelta,2024,10,10,160.0,3074.0,178.0,1.1125,Mountains flat finish,Medium_Mountain,0.6305535714285713,41.597,Sprint à deux,Sprint à deux,916.0
Vuelta,2024,11,11,164.2,2890.0,148.0,0.9013398294762486,Hills flat finish,Medium_Mountain,0.8158265692640694,43.813,0.6 km solo,Solo,916.0
Vuelta,2024,12,12,137.5,3088.0,174.0,1.2654545454545454,Mountains uphill finish,Medium_Mountain,0.47246585497835497,38.159,10.1 km solo,Solo,916.0
Vuelta,2024,13,13,176.0,3708.0,299.0,1.6988636363636365,Mountains uphill finish,Medium_Mountain,0.4134607683982685,40.639,4.7 km solo,Solo,916.0
Vuelta,2024,14,14,200.5,2876.0,100.0,0.49875311720698257,Mountains flat finish,Hilly_Difficult,0.7849989568854902,45.992,Sprint of large group,Large group sprint,916.0
Vuelta,2024,15,15,143.0,3804.0,372.0,2.6013986013986012,Mountains uphill finish,Medium_Mountain,0.3974446699134199,37.99,0.35 km solo,Solo,916.0
Vuelta,2024,16,16,181.5,4085.0,347.0,1.9118457300275482,Mountains uphill finish,Mountain,0.5771241032252065,38.242,4.5 km solo,Solo,916.0
Vuelta,2024,17,17,141.5,2498.0,107.0,0.7561837455830389,Hills flat finish,Medium_Mountain,0.6808207972582975,40.003,Sprint of large group,Large group sprint,916.0
Vuelta,2024,18,18,179.5,2699.0,139.0,0.7743732590529248,Hills flat finish,Hilly_Difficult,0.6714045284780579,44.714,5.6 km solo,Solo,916.0
Vuelta,2024,19,19,164.8,2601.0,217.0,1.3167475728155338,Mountains uphill finish,Medium_Mountain,0.38187683982683984,42.092,5.1 km solo,Solo,916.0
Vuelta,2024,20,20,172.0,5077.0,340.0,1.9767441860465116,Mountains uphill finish,High_Mountain,0.7016627880955474,37.04,2.8 km solo,Solo,916.0
