Year,Rank,Rider,Team,TotalSeconds,GapSeconds
2020,1,TADEJ POGACAR,UAE TEAM EMIRATES,314405,0
2020,2,PRIMOZ ROGLIC,TEAM JUMBO - VISMA,314464,59
2020,3,RICHIE PORTE,TREK - SEGAFREDO,314615,210
2020,4,MIKEL LANDA MEANA,BAHRAIN - MCLAREN,314763,358
2020,5,ENRIC MAS NICOLAU,MOVISTAR TEAM,314772,367
2020,6,MIGUEL ANGEL LOPEZ MORENO,ASTANA PRO TEAM,314812,407
2020,7,TOM DUMOULIN,TEAM JUMBO - VISMA,314873,468
2020,8,RIGOBERTO URAN,EF PRO CYCLING,314887,482
2020,9,ADAM YATES,MITCHELTON - SCOTT,314970,565
2020,10,DAMIANO CARUSO,BAHRAIN - MCLAREN,315248,843
2020,11,GUILLAUME MARTIN GUYONNET,COFIDIS,315423,1018
2020,12,ALEJANDRO VALVERDE,MOVISTAR TEAM,315466,1061
2020,13,RICHARD CARAPAZ,INEOS GRENADIERS,315958,1553
2020,14,WARREN BARGUIL,TEAM ARKEA - SAMSIC,316269,1864
2020,15,SEPP KUSS,TEAM JUMBO - VISMA,316945,2540
2020,16,PELLO BILBAO LOPEZ DE ARMENTIA,BAHRAIN - MCLAREN,317761,3356
2020,17,NAIRO QUINTANA,TEAM ARKEA - SAMSIC,318192,3787
2020,18,PIERRE ROLLAND,B&B HOTELS - VITAL CONCEPT P / B KTM,318511,4106
2020,19,CARLOS VERONA QUINTANILLA,MOVISTAR TEAM,319199,4794
2020,20,WOUT VAN AERT,TEAM JUMBO - VISMA,319236,4831
2020,21,MARC SOLER,MOVISTAR TEAM,319918,5513
2020,22,GORKA IZAGIRRE INSAUSTI,ASTANA PRO TEAM,320177,5772
2020,23,JHOAN ESTEBAN CHAVES RUBIO,MITCHELTON - SCOTT,320330,5925
2020,24,SÉBASTIEN REICHENBACH,GROUPAMA - FDJ,320372,5967
2020,25,KENNY ELISSONDE,TREK - SEGAFREDO,320411,6006
2020,26,MIKAEL CHEREL,AG2R LA MONDIALE,320456,6051
2020,27,VALENTIN MADOUAS,GROUPAMA - FDJ,320568,6163
2020,28,DANIEL FELIPE MARTINEZ POVEDA,EF PRO CYCLING,321317,6912
2020,29,THIBAUT PINOT,GROUPAMA - FDJ,321599,7194
2020,30,MICHAL KWIATKOWSKI,INEOS GRENADIERS,321997,7592
2020,31,ROMAIN SICARD,TOTAL DIRECT ENERGIE,322387,7982
2020,32,LUIS LEON SANCHEZ,ASTANA PRO TEAM,322432,8027
2020,33,LENNARD KÄMNA,BORA - HANSGROHE,322544,8139
2020,34,GEORGE BENNETT,TEAM JUMBO - VISMA,322554,8149
2020,35,ALEXIS VUILLERMOZ,AG2R LA MONDIALE,322584,8179
2020,36,JULIAN ALAPHILIPPE,DECEUNINCK - QUICK - STEP,322756,8351
2020,37,HUGH JOHN CARTHY,EF PRO CYCLING,322836,8431
2020,38,EMANUEL BUCHMANN,BORA - HANSGROHE,322922,8517
2020,39,RUDY MOLARD,GROUPAMA - FDJ,323218,8813
2020,40,JAN POLANC,UAE TEAM EMIRATES,323399,8994
2020,41,DANIEL MARTIN,ISRAEL START-UP NATION,323430,9025
2020,42,ROBERT GESINK,TEAM JUMBO - VISMA,323440,9035
2020,43,BOB JUNGELS,DECEUNINCK - QUICK - STEP,323615,9210
2020,44,JESUS HERRADA,COFIDIS,323695,9290
2020,45,HAROLD TEJADA CANACUE,ASTANA PRO TEAM,323827,9422
2020,46,ALEXEY LUTSENKO,ASTANA PRO TEAM,323982,9577
2020,47,HUGO HOULE,ASTANA PRO TEAM,323999,9594
2020,48,SIMON GESCHKE,CCC TEAM,324272,9867
2020,49,NICOLAS EDET,COFIDIS,324529,10124
2020,50,GREG VAN AVERMAET,CCC TEAM,324595,10190
2020,51,NIKLAS EG,TREK - SEGAFREDO,324609,10204
2020,52,THOMAS DE GENDT,LOTTO SOUDAL,324721,10316
2020,53,QUENTIN PACHER,B&B HOTELS - VITAL CONCEPT P / B KTM,324862,10457
2020,54,MARC HIRSCHI,TEAM SUNWEB,324879,10474
2020,55,NELSON OLIVEIRA,MOVISTAR TEAM,325306,10901
2020,56,NEILSON POWLESS,EF PRO CYCLING,325394,10989
2020,57,MAXIMILIAN SCHACHMANN,BORA - HANSGROHE,325413,11008
2020,58,SOREN KRAGH ANDERSEN,TEAM SUNWEB,325591,11186
2020,59,DYLAN VAN BAARLE,INEOS GRENADIERS,325667,11262
2020,60,OMAR FRAILE MATARRANZ,ASTANA PRO TEAM,326026,11621
2020,61,OLIVER NAESEN,AG2R LA MONDIALE,326529,12124
2020,62,ALBERTO BETTIOL,EF PRO CYCLING,326700,12295
2020,63,FELIX GROSSSCHARTNER,BORA - HANSGROHE,326722,12317
2020,64,NICOLAS ROCHE,TEAM SUNWEB,326838,12433
2020,65,NANS PETERS,AG2R LA MONDIALE,326871,12466
2020,66,WINNER ANACONA,TEAM ARKEA - SAMSIC,327165,12760
2020,67,JAN HIRT,CCC TEAM,327303,12898
2020,68,BEN HERMANS,ISRAEL START-UP NATION,327437,13032
2020,69,MICHAEL SCHÄR,CCC TEAM,327540,13135
2020,70,JOSÉ ROJAS,MOVISTAR TEAM,327654,13249
2020,71,JASPER STUYVEN,TREK - SEGAFREDO,327657,13252
2020,72,DAVID DE LA CRUZ MELGAREJO,UAE TEAM EMIRATES,327685,13280
2020,73,MICHAEL VALGREN,NTT PRO CYCLING TEAM,327710,13305
2020,74,IMANOL ERVITI,MOVISTAR TEAM,328085,13680
2020,75,TIESJ BENOOT,TEAM SUNWEB,328135,13730
2020,76,MATEJ MOHORIC,BAHRAIN - MCLAREN,328147,13742
2020,77,ANDREY AMADOR,INEOS GRENADIERS,328149,13744
2020,78,CYRIL GAUTIER,B&B HOTELS - VITAL CONCEPT P / B KTM,328322,13917
2020,79,MATTEO TRENTIN,CCC TEAM,328335,13930
2020,80,DARIO CATALDO,MOVISTAR TEAM,328376,13971
2020,81,TOMS SKUJINS,TREK - SEGAFREDO,328394,13989
2020,82,VEGARD STAKE LAENGEN,UAE TEAM EMIRATES,328402,13997
2020,83,JACK BAUER,MITCHELTON - SCOTT,328839,14434
2020,84,PETER SAGAN,BORA - HANSGROHE,329060,14655
2020,85,KRISTS NEILANDS,ISRAEL START-UP NATION,329468,15063
2020,86,PIERRE LUC PERICHON,COFIDIS,329673,15268
2020,87,PAVEL SIVAKOV,INEOS GRENADIERS,329743,15338
2020,88,LUKA MEZGEC,MITCHELTON - SCOTT,329832,15427
2020,89,JENS KEUKELEIRE,EF PRO CYCLING,329932,15527
2020,90,DRIES DEVENYNS,DECEUNINCK - QUICK - STEP,330046,15641
2020,91,TEJAY VAN GARDEREN,EF PRO CYCLING,330145,15740
2020,92,CASPER PEDERSEN,TEAM SUNWEB,330258,15853
2020,93,SONNY COLBRELLI,BAHRAIN - MCLAREN,330287,15882
2020,94,MATTHIEU LADAGNOUS,GROUPAMA - FDJ,330297,15892
2020,95,DAYER QUINTANA,TEAM ARKEA - SAMSIC,330355,15950
2020,96,CYRIL BARTHE,B&B HOTELS - VITAL CONCEPT P / B KTM,330432,16027
2020,97,DARYL IMPEY,MITCHELTON - SCOTT,330524,16119
2020,98,TOM VAN ASBROECK,ISRAEL START-UP NATION,330802,16397
2020,99,JUUL CHRISTOPHER JENSEN,MITCHELTON - SCOTT,330848,16443
2020,100,ALESSANDRO DE MARCHI,CCC TEAM,330851,16446
2020,101,EDVALD BOASSON-HAGEN,NTT PRO CYCLING TEAM,330864,16459
2020,102,KÉVIN LEDANOIS,TEAM ARKEA - SAMSIC,330953,16548
2020,103,JORIS NIEUWENHUIS,TEAM SUNWEB,331135,16730
2020,104,CLEMENT VENTURINI,AG2R LA MONDIALE,331153,16748
2020,105,DANIEL OSS,BORA - HANSGROHE,331251,16846
2020,106,CONNOR SWIFT,TEAM ARKEA - SAMSIC,331324,16919
2020,107,CHRISTOPHE LAPORTE,COFIDIS,331475,17070
2020,108,ANTHONY TURGIS,TOTAL DIRECT ENERGIE,331502,17097
2020,109,ROMAN KREUZIGER,NTT PRO CYCLING TEAM,331531,17126
2020,110,WOUT POELS,BAHRAIN - MCLAREN,331648,17243
2020,111,MARCO MARCATO,UAE TEAM EMIRATES,331732,17327
2020,112,SIMONE CONSONNI,COFIDIS,332035,17630
2020,113,RÉMI CAVAGNA,DECEUNINCK - QUICK - STEP,332331,17926
2020,114,KASPER ASGREEN,DECEUNINCK - QUICK - STEP,332409,18004
2020,115,HUGO HOFSTETTER,ISRAEL START-UP NATION,332419,18014
2020,116,BENOIT COSNEFROY,AG2R LA MONDIALE,332448,18043
2020,117,FABIEN GRELLIER,TOTAL DIRECT ENERGIE,332497,18092
2020,118,TONY MARTIN,TEAM JUMBO - VISMA,332733,18328
2020,119,EDWARD THEUNS,TREK - SEGAFREDO,332895,18490
2020,120,NILS POLITT,ISRAEL START-UP NATION,332947,18542
2020,121,RYAN GIBBONS,NTT PRO CYCLING TEAM,332977,18572
2020,122,BRYAN COQUARD,B&B HOTELS - VITAL CONCEPT P / B KTM,333037,18632
2020,123,GEOFFREY SOUPE,TOTAL DIRECT ENERGIE,333045,18640
2020,124,MADS PEDERSEN,TREK - SEGAFREDO,333068,18663
2020,125,JONAS KOCH,CCC TEAM,333129,18724
2020,126,NIKIAS ARNDT,TEAM SUNWEB,333196,18791
2020,127,TIM DECLERCQ,DECEUNINCK - QUICK - STEP,333297,18892
2020,128,AMUND GRØNDAHL JANSEN,TEAM JUMBO - VISMA,333453,19048
2020,129,LUKE ROWE,INEOS GRENADIERS,333475,19070
2020,130,MICHAEL MØRKØV,DECEUNINCK - QUICK - STEP,333986,19581
2020,131,MATHIEU BURGAUDEAU,TOTAL DIRECT ENERGIE,334063,19658
2020,132,ALEXANDER KRISTOFF,UAE TEAM EMIRATES,334113,19708
2020,133,CLÉMENT RUSSO,TEAM ARKEA - SAMSIC,334130,19725
2020,134,MAXIMILIAN RICHARD WALSCHEID,NTT PRO CYCLING TEAM,334183,19778
2020,135,ELIA VIVIANI,COFIDIS,334206,19801
2020,136,MAXIME CHEVALIER,B&B HOTELS - VITAL CONCEPT P / B KTM,334295,19890
2020,137,KÉVIN REZA,B&B HOTELS - VITAL CONCEPT P / B KTM,334302,19897
2020,138,SAM BENNETT,DECEUNINCK - QUICK - STEP,334358,19953
2020,139,GUY NIV,ISRAEL START-UP NATION,334488,20083
2020,140,CEES BOL,TEAM SUNWEB,334701,20296
2020,141,NICCOLÒ BONIFAZIO,TOTAL DIRECT ENERGIE,334938,20533
2020,142,JASPER DE BUYST,LOTTO SOUDAL,334992,20587
2020,143,MARCO HALLER,BAHRAIN - MCLAREN,335192,20787
2020,144,CALEB EWAN,LOTTO SOUDAL,335430,21025
2020,145,FREDERIK FRISON,LOTTO SOUDAL,336113,21708
2020,146,ROGER KLUGE,LOTTO SOUDAL,336427,22022
2021,1,TADEJ POGACAR,UAE TEAM EMIRATES,298596,0
2021,2,JONAS VINGEGAARD HANSEN,JUMBO - VISMA,298916,320
2021,3,RICHARD CARAPAZ,INEOS GRENADIERS,299019,423
2021,4,BEN ALEXANDER O'CONNOR,AG2R CITROEN TEAM,299198,602
2021,5,WILCO KELDERMAN,BORA - HANSGROHE,299209,613
2021,6,ENRIC MAS NICOLAU,MOVISTAR TEAM,299299,703
2021,7,ALEXEY LUTSENKO,ASTANA - PREMIER TECH,299339,743
2021,8,GUILLAUME MARTIN GUYONNET,COFIDIS,299529,933
2021,9,PELLO BILBAO LOPEZ DE ARMENTIA,BAHRAIN VICTORIOUS,299560,964
2021,10,RIGOBERTO URAN,EF EDUCATION - NIPPO,299710,1114
2021,11,DAVID GAUDU,GROUPAMA - FDJ,299906,1310
2021,12,MATTIA CATTANEO,DECEUNINCK - QUICK - STEP,300094,1498
2021,13,JHOAN ESTEBAN CHAVES RUBIO,TEAM BIKEEXCHANGE,300864,2268
2021,14,LOUIS MEINTJES,INTERMARCHE - WANTY - GOBERT MATERIAUX,300885,2289
2021,15,AURÉLIEN PARET PEINTRE,AG2R CITROEN TEAM,300945,2349
2021,16,WOUT POELS,BAHRAIN VICTORIOUS,301631,3035
2021,17,DYLAN TEUNS,BAHRAIN VICTORIOUS,301696,3100
2021,18,RUBEN ALMEIDA GUERREIRO,EF EDUCATION - NIPPO,301846,3250
2021,19,WOUT VAN AERT,JUMBO - VISMA,302018,3422
2021,20,BAUKE MOLLEMA,TREK - SEGAFREDO,302334,3738
2021,21,SERGIO LUIS HENAO MONTOYA,TEAM QHUBEKA NEXTHASH,302388,3792
2021,22,FRANCK BONNAMOUR,B&B HOTELS P/B KTM,302471,3875
2021,23,JONATHAN CASTROVIEJO NICOLAS,INEOS GRENADIERS,302576,3980
2021,24,ALEJANDRO VALVERDE,MOVISTAR TEAM,302666,4070
2021,25,SERGIO ANDRES HIGUITA GARCIA,EF EDUCATION - NIPPO,302752,4156
2021,26,ION IZAGIRRE INSAUSTI,ASTANA - PREMIER TECH,303615,5019
2021,27,PATRICK KONRAD,BORA - HANSGROHE,303822,5226
2021,28,NAIRO QUINTANA,TEAM ARKEA - SAMSIC,304187,5591
2021,29,XANDRO MEURISSE,ALPECIN - FENIX,304644,6048
2021,30,JULIAN ALAPHILIPPE,DECEUNINCK - QUICK - STEP,304782,6186
2021,31,MATEJ MOHORIC,BAHRAIN VICTORIOUS,305200,6604
2021,32,SEPP KUSS,JUMBO - VISMA,305200,6604
2021,33,EMANUEL BUCHMANN,BORA - HANSGROHE,305261,6665
2021,34,RAFAL MAJKA,UAE TEAM EMIRATES,305440,6844
2021,35,QUENTIN PACHER,B&B HOTELS P/B KTM,305530,6934
2021,36,KENNY ELISSONDE,TREK - SEGAFREDO,305589,6993
2021,37,JULIEN BERNARD,TREK - SEGAFREDO,306008,7412
2021,38,RICHIE PORTE,INEOS GRENADIERS,306195,7599
2021,39,JASPER STUYVEN,TREK - SEGAFREDO,306255,7659
2021,40,DANIEL MARTIN,ISRAEL START-UP NATION,306371,7775
2021,41,GERAINT THOMAS,INEOS GRENADIERS,306493,7897
2021,42,VALENTIN MADOUAS,GROUPAMA - FDJ,306495,7899
2021,43,NEILSON POWLESS,EF EDUCATION - NIPPO,306609,8013
2021,44,DAVIDE FORMOLO,UAE TEAM EMIRATES,306752,8156
2021,45,MARK DONOVAN,TEAM DSM,306856,8260
2021,46,CRISTIAN RODRIGUEZ MARTIN,TOTALENERGIES,306967,8371
2021,47,PIERRE LATOUR,TOTALENERGIES,306972,8376
2021,48,JAN BAKELANTS,INTERMARCHE - WANTY - GOBERT MATERIAUX,307086,8490
2021,49,STEFAN KÜNG,GROUPAMA - FDJ,307119,8523
2021,50,NILS POLITT,BORA - HANSGROHE,307160,8564
2021,51,PIERRE ROLLAND,B&B HOTELS P/B KTM,307187,8591
2021,52,SONNY COLBRELLI,BAHRAIN VICTORIOUS,307275,8679
2021,53,MICHAEL VALGREN,EF EDUCATION - NIPPO,307372,8776
2021,54,DYLAN VAN BAARLE,INEOS GRENADIERS,307423,8827
2021,55,JONAS RUTSCH,EF EDUCATION - NIPPO,307569,8973
2021,56,MAGNUS CORT NIELSEN,EF EDUCATION - NIPPO,307619,9023
2021,57,OMAR FRAILE MATARRANZ,ASTANA - PREMIER TECH,307670,9074
2021,58,MICHAEL SCHÄR,AG2R CITROEN TEAM,307914,9318
2021,59,SILVAN DILLIER,ALPECIN - FENIX,307939,9343
2021,60,TAO GEOGHEGAN HART,INEOS GRENADIERS,308018,9422
2021,61,ELIE GESBERT,TEAM ARKEA - SAMSIC,308104,9508
2021,62,SIMON GESCHKE,COFIDIS,308127,9531
2021,63,LORENZO ROTA,INTERMARCHE - WANTY - GOBERT MATERIAUX,308193,9597
2021,64,KASPER ASGREEN,DECEUNINCK - QUICK - STEP,308417,9821
2021,65,BRENT VAN MOER,LOTTO SOUDAL,308425,9829
2021,66,HUGO HOULE,ASTANA - PREMIER TECH,308475,9879
2021,67,IMANOL ERVITI,MOVISTAR TEAM,308743,10147
2021,68,MICHAL KWIATKOWSKI,INEOS GRENADIERS,308758,10162
2021,69,BRANDON MCNULTY,UAE TEAM EMIRATES,308849,10253
2021,70,OLIVER NAESEN,AG2R CITROEN TEAM,308941,10345
2021,71,TOMS SKUJINS,TREK - SEGAFREDO,308972,10376
2021,72,VICTOR DE LA PARTE,TOTALENERGIES,309064,10468
2021,73,ANTHONY TURGIS,TOTALENERGIES,309147,10551
2021,74,ALEX ARANBURU DEVA,ASTANA - PREMIER TECH,309200,10604
2021,75,DORIAN GODON,AG2R CITROEN TEAM,309227,10631
2021,76,MIKE TEUNISSEN,JUMBO - VISMA,309301,10705
2021,77,RUI COSTA,UAE TEAM EMIRATES,309305,10709
2021,78,FABIEN DOUBEY,TOTALENERGIES,309561,10965
2021,79,MICHAEL MATTHEWS,TEAM BIKEEXCHANGE,309606,11010
2021,80,GEORG ZIMMERMANN,INTERMARCHE - WANTY - GOBERT MATERIAUX,309744,11148
2021,81,CYRIL GAUTIER,B&B HOTELS P/B KTM,309906,11310
2021,82,THOMAS DE GENDT,LOTTO SOUDAL,309922,11326
2021,83,BRUNO ARMIRAIL,GROUPAMA - FDJ,309994,11398
2021,84,RUBEN FERNANDEZ,COFIDIS,310039,11443
2021,85,HARRISON WILLIAM SWEENY,LOTTO SOUDAL,310048,11452
2021,86,ANTHONY PEREZ,COFIDIS,310052,11456
2021,87,JESUS HERRADA,COFIDIS,310071,11475
2021,88,CYRIL BARTHE,B&B HOTELS P/B KTM,310147,11551
2021,89,CONNOR SWIFT,TEAM ARKEA - SAMSIC,310224,11628
2021,90,JORGE ARCAS,MOVISTAR TEAM,310277,11681
2021,91,CHRISTOPHE LAPORTE,COFIDIS,310299,11703
2021,92,PIERRE LUC PERICHON,COFIDIS,310383,11787
2021,93,MAXIME CHEVALIER,B&B HOTELS P/B KTM,310410,11814
2021,94,IVAN GARCIA CORTINA,MOVISTAR TEAM,310681,12085
2021,95,JONAS RICKAERT,ALPECIN - FENIX,310752,12156
2021,96,ALFRED BROCKWELL WRIGHT,BAHRAIN VICTORIOUS,310855,12259
2021,97,GREG VAN AVERMAET,AG2R CITROEN TEAM,310865,12269
2021,98,MARC HIRSCHI,UAE TEAM EMIRATES,310874,12278
2021,99,PHILIPPE GILBERT,LOTTO SOUDAL,311038,12442
2021,100,LUKE DURBRIDGE,TEAM BIKEEXCHANGE,311081,12485
2021,101,CARLOS VERONA QUINTANILLA,MOVISTAR TEAM,311116,12520
2021,102,LUKA MEZGEC,TEAM BIKEEXCHANGE,311213,12617
2021,103,STEFAN BISSEGGER,EF EDUCATION - NIPPO,311291,12695
2021,104,EDWARD THEUNS,TREK - SEGAFREDO,311407,12811
2021,105,GUILLAUME BOIVIN,ISRAEL START-UP NATION,311418,12822
2021,106,KRISTIAN SBARAGLI,ALPECIN - FENIX,311455,12859
2021,107,BENOIT COSNEFROY,AG2R CITROEN TEAM,311490,12894
2021,108,DAVIDE BALLERINI,DECEUNINCK - QUICK - STEP,311509,12913
2021,109,JASPER PHILIPSEN,ALPECIN - FENIX,311927,13331
2021,110,MIKKEL BJERG,UAE TEAM EMIRATES,311937,13341
2021,111,CASPER PEDERSEN,TEAM DSM,311968,13372
2021,112,VEGARD STAKE LAENGEN,UAE TEAM EMIRATES,312009,13413
2021,113,DMITRIY GRUZDEV,ASTANA - PREMIER TECH,312085,13489
2021,114,JUUL CHRISTOPHER JENSEN,TEAM BIKEEXCHANGE,312103,13507
2021,115,DANIEL OSS,BORA - HANSGROHE,312209,13613
2021,116,LUKAS PÖSTLBERGER,BORA - HANSGROHE,312228,13632
2021,117,BOY VAN POPPEL,INTERMARCHE - WANTY - GOBERT MATERIAUX,312421,13825
2021,118,PETR VAKOČ,ALPECIN - FENIX,312462,13866
2021,119,IDE SCHELLING,BORA - HANSGROHE,312472,13876
2021,120,DANNY VAN POPPEL,INTERMARCHE - WANTY - GOBERT MATERIAUX,312569,13973
2021,121,MAXIMILIAN RICHARD WALSCHEID,TEAM QHUBEKA NEXTHASH,312581,13985
2021,122,OMER GOLDSTEIN,ISRAEL START-UP NATION,312722,14126
2021,123,SIMON CLARKE,TEAM QHUBEKA NEXTHASH,312764,14168
2021,124,CARLOS BARBERO,TEAM QHUBEKA NEXTHASH,313016,14420
2021,125,ANDRÉ GREIPEL,ISRAEL START-UP NATION,313082,14486
2021,126,NILS EEKHOFF,TEAM DSM,313160,14564
2021,127,MARCO HALLER,BAHRAIN VICTORIOUS,313177,14581
2021,128,JORIS NIEUWENHUIS,TEAM DSM,313198,14602
2021,129,JULIEN SIMON,TOTALENERGIES,313345,14749
2021,130,SEAN BENNETT,TEAM QHUBEKA NEXTHASH,313458,14862
2021,131,JELLE WALLAYS,COFIDIS,313582,14986
2021,132,JÉRÉMY CABOT,TOTALENERGIES,313691,15095
2021,133,CHRIS FROOME,ISRAEL START-UP NATION,313717,15121
2021,134,RICK ZABEL,ISRAEL START-UP NATION,313783,15187
2021,135,DRIES DEVENYNS,DECEUNINCK - QUICK - STEP,314245,15649
2021,136,RETO HOLLENSTEIN,ISRAEL START-UP NATION,314455,15859
2021,137,MADS PEDERSEN,TREK - SEGAFREDO,314753,16157
2021,138,MICHAEL MØRKØV,DECEUNINCK - QUICK - STEP,314961,16365
2021,139,MARK CAVENDISH,DECEUNINCK - QUICK - STEP,315050,16454
2021,140,CEES BOL,TEAM DSM,315195,16599
2021,141,TIM DECLERCQ,DECEUNINCK - QUICK - STEP,316665,18069
2022,1,JONAS VINGEGAARD HANSEN,JUMBO - VISMA,286400,0
2022,2,TADEJ POGACAR,UAE TEAM EMIRATES,286563,163
2022,3,GERAINT THOMAS,INEOS GRENADIERS,286842,442
2022,4,DAVID GAUDU,GROUPAMA - FDJ,287219,819
2022,5,ALEKSANDR VLASOV,BORA - HANSGROHE,287346,946
2022,6,NAIRO QUINTANA,TEAM ARKEA - SAMSIC,287393,993
2022,7,ROMAIN BARDET,TEAM DSM,287491,1091
2022,8,LOUIS MEINTJES,INTERMARCHE - WANTY - GOBERT MATERIAUX,287524,1124
2022,9,ALEXEY LUTSENKO,ASTANA - QAZAQSTAN TEAM,287776,1376
2022,10,ADAM YATES,INEOS GRENADIERS,287892,1492
2022,11,VALENTIN MADOUAS,GROUPAMA - FDJ,288559,2159
2022,12,BOB JUNGELS,AG2R CITROEN TEAM,289123,2723
2022,13,NEILSON POWLESS,EF EDUCATION - EASYPOST,289217,2817
2022,14,LUIS LEON SANCHEZ,BAHRAIN VICTORIOUS,289358,2958
2022,15,THIBAUT PINOT,GROUPAMA - FDJ,289425,3025
2022,16,PATRICK KONRAD,BORA - HANSGROHE,289814,3414
2022,17,TOM PIDCOCK,INEOS GRENADIERS,290075,3675
2022,18,SEPP KUSS,JUMBO - VISMA,290149,3749
2022,19,DYLAN TEUNS,BAHRAIN VICTORIOUS,290690,4290
2022,20,BRANDON MCNULTY,UAE TEAM EMIRATES,291879,5479
2022,21,MATTEO JORGENSON,MOVISTAR TEAM,292037,5637
2022,22,WOUT VAN AERT,JUMBO - VISMA,292155,5755
2022,23,NICHOLAS SCHULTZ,TEAM BIKEEXCHANGE-JAYCO,292381,5981
2022,24,HUGO HOULE,ISRAEL-PREMIER TECH,292534,6134
2022,25,BAUKE MOLLEMA,TREK - SEGAFREDO,292757,6357
2022,26,RIGOBERTO URAN,EF EDUCATION - EASYPOST,292898,6498
2022,27,CARLOS VERONA QUINTANILLA,MOVISTAR TEAM,293183,6783
2022,28,ANDREAS LEKNESSUND,TEAM DSM,293451,7051
2022,29,GREGOR MÜHLBERGER,MOVISTAR TEAM,293543,7143
2022,30,DANIEL FELIPE MARTINEZ POVEDA,INEOS GRENADIERS,293655,7255
2022,31,SIMONE VELASCO,ASTANA - QAZAQSTAN TEAM,293864,7464
2022,32,DYLAN VAN BAARLE,INEOS GRENADIERS,294534,8134
2022,33,STEFAN KÜNG,GROUPAMA - FDJ,294546,8146
2022,34,SEBASTIAN SCHÖNBERGER,B&B HOTELS - KTM,294615,8215
2022,35,MICHAEL STORER,GROUPAMA - FDJ,294995,8595
2022,36,TIESJ BENOOT,JUMBO - VISMA,295014,8614
2022,37,TONY GALLOPIN,TREK - SEGAFREDO,295111,8711
2022,38,CHRISTOPHER HAMILTON,TEAM DSM,295138,8738
2022,39,ANDREY ZEITS,ASTANA - QAZAQSTAN TEAM,295182,8782
2022,40,ION IZAGIRRE INSAUSTI,COFIDIS,295408,9008
2022,41,ALBERTO BETTIOL,EF EDUCATION - EASYPOST,295684,9284
2022,42,LUKASZ OWSIAN,TEAM ARKEA - SAMSIC,295868,9468
2022,43,JOSEPH LLOYD DOMBROWSKI,ASTANA - QAZAQSTAN TEAM,295871,9471
2022,44,GEORG ZIMMERMANN,INTERMARCHE - WANTY - GOBERT MATERIAUX,295980,9580
2022,45,SIMON GESCHKE,COFIDIS,296083,9683
2022,46,MAXIMILIAN SCHACHMANN,BORA - HANSGROHE,296244,9844
2022,47,KOBE GOOSSENS,INTERMARCHE - WANTY - GOBERT MATERIAUX,296367,9967
2022,48,KÉVIN GENIETS,GROUPAMA - FDJ,296488,10088
2022,49,JONATHAN CASTROVIEJO NICOLAS,INEOS GRENADIERS,296694,10294
2022,50,MAXIME BOUET,TEAM ARKEA - SAMSIC,296716,10316
2022,51,ANDREA PASQUALON,INTERMARCHE - WANTY - GOBERT MATERIAUX,296982,10582
2022,52,NELSON OLIVEIRA,MOVISTAR TEAM,297059,10659
2022,53,FELIX GROSSSCHARTNER,BORA - HANSGROHE,297095,10695
2022,54,BENJAMIN THOMAS,COFIDIS,297418,11018
2022,55,ALFRED BROCKWELL WRIGHT,BAHRAIN VICTORIOUS,297448,11048
2022,56,NILS POLITT,BORA - HANSGROHE,297829,11429
2022,57,PIERRE LATOUR,TOTALENERGIES,297926,11526
2022,58,EDVALD BOASSON-HAGEN,TOTALENERGIES,297978,11578
2022,59,GIULIO CICCONE,TREK - SEGAFREDO,298204,11804
2022,60,SILVAN DILLIER,ALPECIN - DECEUNINCK,298237,11837
2022,61,TOMS SKUJINS,TREK - SEGAFREDO,298248,11848
2022,62,ANTOINE DUCHESNE,GROUPAMA - FDJ,298298,11898
2022,63,PIERRE LUC PERICHON,COFIDIS,298732,12332
2022,64,MARTIJN TUSVELD,TEAM DSM,298883,12483
2022,65,STAN DEWULF,AG2R CITROEN TEAM,298958,12558
2022,66,FRANCK BONNAMOUR,B&B HOTELS - KTM,299036,12636
2022,67,QUINN SIMMONS,TREK - SEGAFREDO,299044,12644
2022,68,MATHIEU BURGAUDEAU,TOTALENERGIES,299126,12726
2022,69,PIERRE ROLLAND,B&B HOTELS - KTM,299273,12873
2022,70,CONNOR SWIFT,TEAM ARKEA - SAMSIC,299305,12905
2022,71,KRISTIAN SBARAGLI,ALPECIN - DECEUNINCK,299378,12978
2022,72,JAN TRATNIK,BAHRAIN VICTORIOUS,299451,13051
2022,73,ANDREAS KRON,LOTTO SOUDAL,299457,13057
2022,74,MATIS LOUVEL,TEAM ARKEA - SAMSIC,299606,13206
2022,75,CHRISTOPHE LAPORTE,JUMBO - VISMA,299610,13210
2022,76,PHILIPPE GILBERT,LOTTO SOUDAL,299714,13314
2022,77,GUY NIV,ISRAEL-PREMIER TECH,299862,13462
2022,78,MICHAEL MATTHEWS,TEAM BIKEEXCHANGE-JAYCO,299959,13559
2022,79,KRISTS NEILANDS,ISRAEL-PREMIER TECH,299976,13576
2022,80,CYRIL BARTHE,B&B HOTELS - KTM,300114,13714
2022,81,JASPER STUYVEN,TREK - SEGAFREDO,300168,13768
2022,82,HUGO HOFSTETTER,TEAM ARKEA - SAMSIC,300197,13797
2022,83,STEFAN BISSEGGER,EF EDUCATION - EASYPOST,300306,13906
2022,84,ANTHONY PEREZ,COFIDIS,300340,13940
2022,85,AMAURY CAPIOT,TEAM ARKEA - SAMSIC,300375,13975
2022,86,MATEJ MOHORIC,BAHRAIN VICTORIOUS,300377,13977
2022,87,MARCO HALLER,BORA - HANSGROHE,300385,13985
2022,88,OLIVIER LE GAC,GROUPAMA - FDJ,300565,14165
2022,89,ALEXIS GOUGEARD,B&B HOTELS - KTM,300695,14295
2022,90,OWAIN DOULL,EF EDUCATION - EASYPOST,300699,14299
2022,91,BENOIT COSNEFROY,AG2R CITROEN TEAM,300711,14311
2022,92,JASPER PHILIPSEN,ALPECIN - DECEUNINCK,300750,14350
2022,93,SVEN ERIK BYSTROM,INTERMARCHE - WANTY - GOBERT MATERIAUX,300759,14359
2022,94,JONAS RUTSCH,EF EDUCATION - EASYPOST,300761,14361
2022,95,FILIPPO GANNA,INEOS GRENADIERS,301011,14611
2022,96,MATTIA CATTANEO,QUICK-STEP ALPHA VINYL TEAM,301032,14632
2022,97,ALEKSANDR RIABUSHENKO,ASTANA - QAZAQSTAN TEAM,301060,14660
2022,98,ANDREA BAGIOLI,QUICK-STEP ALPHA VINYL TEAM,301400,15000
2022,99,MADS PEDERSEN,TREK - SEGAFREDO,301510,15110
2022,100,ALBERTO DAINESE,TEAM DSM,301654,15254
2022,101,LUKA MEZGEC,TEAM BIKEEXCHANGE-JAYCO,301773,15373
2022,102,ALEXANDER KRISTOFF,INTERMARCHE - WANTY - GOBERT MATERIAUX,301834,15434
2022,103,LUCA MOZZATO,B&B HOTELS - KTM,301934,15534
2022,104,ALEXANDER KRIEGER,ALPECIN - DECEUNINCK,301982,15582
2022,105,JOHN DEGENKOLB,TEAM DSM,302185,15785
2022,106,LUKE ROWE,INEOS GRENADIERS,302400,16000
2022,107,FLORIAN SENECHAL,QUICK-STEP ALPHA VINYL TEAM,302494,16094
2022,108,FLORIAN VERMEERSCH,LOTTO SOUDAL,302533,16133
2022,109,DANNY VAN POPPEL,BORA - HANSGROHE,302628,16228
2022,110,EDWARD PLANCKAERT,ALPECIN - DECEUNINCK,302824,16424
2022,111,ADRIEN PETIT,INTERMARCHE - WANTY - GOBERT MATERIAUX,302905,16505
2022,112,FRØLICH MIKKEL HONORÉ,QUICK-STEP ALPHA VINYL TEAM,303015,16615
2022,113,CYRIL LEMOINE,B&B HOTELS - KTM,303049,16649
2022,114,DMITRIY GRUZDEV,ASTANA - QAZAQSTAN TEAM,303056,16656
2022,115,MACIEJ BODNAR,TOTALENERGIES,303172,16772
2022,116,PETER SAGAN,TOTALENERGIES,303188,16788
2022,117,DYLAN GROENEWEGEN,TEAM BIKEEXCHANGE-JAYCO,303255,16855
2022,118,KAMIL GRADEK,BAHRAIN VICTORIOUS,303366,16966
2022,119,NILS EEKHOFF,TEAM DSM,303366,16966
2022,120,YVES LAMPAERT,QUICK-STEP ALPHA VINYL TEAM,303574,17174
2022,121,BRENT VAN MOER,LOTTO SOUDAL,303747,17347
2022,122,JACK BAUER,TEAM BIKEEXCHANGE-JAYCO,303865,17465
2022,123,GUILLAUME VAN KEIRSBULCK,ALPECIN - DECEUNINCK,304052,17652
2022,124,MIKKEL BJERG,UAE TEAM EMIRATES,304413,18013
2022,125,TACO VAN DER HOORN,INTERMARCHE - WANTY - GOBERT MATERIAUX,304554,18154
2022,126,JÉRÉMY LECROQ,B&B HOTELS - KTM,305229,18829
2022,127,MARC HIRSCHI,UAE TEAM EMIRATES,305309,18909
2022,128,JUUL CHRISTOPHER JENSEN,TEAM BIKEEXCHANGE-JAYCO,305326,18926
2022,129,ANTHONY TURGIS,TOTALENERGIES,305617,19217
2022,130,FABIO JAKOBSEN,QUICK-STEP ALPHA VINYL TEAM,305818,19418
2022,131,FREDERIK FRISON,LOTTO SOUDAL,306219,19819
2022,132,REINARDT JANSE VAN RENSBURG,LOTTO SOUDAL,306285,19885
2022,133,AMUND GRØNDAHL JANSEN,TEAM BIKEEXCHANGE-JAYCO,306287,19887
2022,134,ALBERT TORRES BARCELO,MOVISTAR TEAM,306593,20193
2022,135,CALEB EWAN,LOTTO SOUDAL,306842,20442
2023,1,JONAS VINGEGAARD HANSEN,JUMBO-VISMA,295542,0
2023,2,TADEJ POGACAR,UAE TEAM EMIRATES,295991,449
2023,3,ADAM YATES,UAE TEAM EMIRATES,296198,656
2023,4,SIMON PHILIP YATES,TEAM JAYCO ALULA,296285,743
2023,5,CARLOS RODRIGUEZ,INEOS GRENADIERS,296339,797
2023,6,PELLO BILBAO LOPEZ DE ARMENTIA,BAHRAIN VICTORIOUS,296349,807
2023,7,JAI HINDLEY,BORA - HANSGROHE,296426,884
2023,8,FELIX GALL,AG2R CITROEN TEAM,296511,969
2023,9,DAVID GAUDU,GROUPAMA - FDJ,296930,1388
2023,10,GUILLAUME MARTIN GUYONNET,COFIDIS,297132,1590
2023,11,THIBAUT PINOT,GROUPAMA - FDJ,297225,1683
2023,12,SEPP KUSS,JUMBO-VISMA,297794,2252
2023,13,TOM PIDCOCK,INEOS GRENADIERS,298414,2872
2023,14,RAFAL MAJKA,UAE TEAM EMIRATES,298911,3369
2023,15,JONATHAN CASTROVIEJO NICOLAS,INEOS GRENADIERS,298939,3397
2023,16,CHRISTOPHER HARPER,TEAM JAYCO ALULA,298991,3449
2023,17,BEN ALEXANDER O'CONNOR,AG2R CITROEN TEAM,299441,3899
2023,18,WILCO KELDERMAN,JUMBO-VISMA,299548,4006
2023,19,MIKEL LANDA MEANA,BAHRAIN VICTORIOUS,299903,4361
2023,20,VALENTIN MADOUAS,GROUPAMA - FDJ,299992,4450
2023,21,EMANUEL BUCHMANN,BORA - HANSGROHE,300086,4544
2023,22,WARREN BARGUIL,TEAM ARKEA - SAMSIC,300168,4626
2023,23,FELIX GROSSSCHARTNER,UAE TEAM EMIRATES,301863,6321
2023,24,TIESJ BENOOT,JUMBO-VISMA,301957,6415
2023,25,CLÉMENT BERTHET,AG2R CITROEN TEAM,302161,6619
2023,26,BOB JUNGELS,BORA - HANSGROHE,302668,7126
2023,27,WOUT POELS,BAHRAIN VICTORIOUS,303086,7544
2023,28,JACK HAIG,BAHRAIN VICTORIOUS,303374,7832
2023,29,MATTIAS SKJELMOSE,LIDL - TREK,303669,8127
2023,30,TOBIAS HALLAND JOHANNESSEN,UNO-X PRO CYCLING TEAM,303675,8133
2023,31,MATHIEU BURGAUDEAU,TOTALENERGIES,304015,8473
2023,32,GIULIO CICCONE,LIDL - TREK,304211,8669
2023,33,JULIAN ALAPHILIPPE,SOUDAL QUICK-STEP,304285,8743
2023,34,HAROLD TEJADA CANACUE,ASTANA QAZAQSTAN TEAM,304408,8866
2023,35,DYLAN TEUNS,ISRAEL - PREMIER TECH,304810,9268
2023,36,EGAN BERNAL GOMEZ,INEOS GRENADIERS,305038,9496
2023,37,GORKA IZAGIRRE INSAUSTI,MOVISTAR TEAM,305075,9533
2023,38,HUGO HOULE,ISRAEL - PREMIER TECH,305267,9725
2023,39,NICHOLAS SCHULTZ,ISRAEL - PREMIER TECH,305354,9812
2023,40,ALEXEY LUTSENKO,ASTANA QAZAQSTAN TEAM,305355,9813
2023,41,KÉVIN GENIETS,GROUPAMA - FDJ,305396,9854
2023,42,DYLAN VAN BAARLE,JUMBO-VISMA,305507,9965
2023,43,GREGAARD JONAS WILSLY,UNO-X PRO CYCLING TEAM,305569,10027
2023,44,GREGOR MÜHLBERGER,MOVISTAR TEAM,305704,10162
2023,45,ION IZAGIRRE INSAUSTI,COFIDIS,305751,10209
2023,46,CHRISTOPHER HAMILTON,TEAM DSM - FIRMENICH,305802,10260
2023,47,GEORG ZIMMERMANN,INTERMARCHÉ - CIRCUS - WANTY,305987,10445
2023,48,MICHAEL RUSSELL WOODS,ISRAEL - PREMIER TECH,306029,10487
2023,49,MICHAL KWIATKOWSKI,INEOS GRENADIERS,306110,10568
2023,50,KRISTS NEILANDS,ISRAEL - PREMIER TECH,306123,10581
2023,51,CLÉMENT CHAMPOUSSIN,TEAM ARKEA - SAMSIC,306229,10687
2023,52,ALEX ARANBURU DEVA,MOVISTAR TEAM,306521,10979
2023,53,NELSON OLIVEIRA,MOVISTAR TEAM,306848,11306
2023,54,STEFAN KÜNG,GROUPAMA - FDJ,306851,11309
2023,55,AURÉLIEN PARET PEINTRE,AG2R CITROEN TEAM,306913,11371
2023,56,MARC SOLER,UAE TEAM EMIRATES,306938,11396
2023,57,MATHIEU VAN DER POEL,ALPECIN-DECEUNINCK,307026,11484
2023,58,MATTHEW DINHAM,TEAM DSM - FIRMENICH,307154,11612
2023,59,MAXIM VAN GILS,LOTTO DSTNY,307411,11869
2023,60,OMAR FRAILE MATARRANZ,INEOS GRENADIERS,307486,11944
2023,61,KEVIN VERMAERKE,TEAM DSM - FIRMENICH,307802,12260
2023,62,NILS POLITT,BORA - HANSGROHE,308069,12527
2023,63,QUENTIN PACHER,GROUPAMA - FDJ,308365,12823
2023,64,VICTOR CAMPENAERTS,LOTTO DSTNY,308440,12898
2023,65,MATIS LOUVEL,TEAM ARKEA - SAMSIC,308511,12969
2023,66,NEILSON POWLESS,EF EDUCATION - EASYPOST,308592,13050
2023,67,RUI COSTA,INTERMARCHÉ - CIRCUS - WANTY,308619,13077
2023,68,ANTHONY DELAPLACE,TEAM ARKEA - SAMSIC,308839,13297
2023,69,SIMON GUGLIELMI,TEAM ARKEA - SAMSIC,308850,13308
2023,70,LARS VAN DEN BERG,GROUPAMA - FDJ,309105,13563
2023,71,RIGOBERTO URAN,EF EDUCATION - EASYPOST,309357,13815
2023,72,MATEJ MOHORIC,BAHRAIN VICTORIOUS,309407,13865
2023,73,NANS PETERS,AG2R CITROEN TEAM,309528,13986
2023,74,JUAN PEDRO LOPEZ PEREZ,LIDL - TREK,309621,14079
2023,75,PIERRE LATOUR,TOTALENERGIES,309667,14125
2023,76,OLIVER NAESEN,AG2R CITROEN TEAM,309747,14205
2023,77,LILIAN CALMEJANE,INTERMARCHÉ - CIRCUS - WANTY,310045,14503
2023,78,MARCO HALLER,BORA - HANSGROHE,310099,14557
2023,79,JASPER STUYVEN,LIDL - TREK,310146,14604
2023,80,CHRISTOPHE LAPORTE,JUMBO-VISMA,310289,14747
2023,81,STAN DEWULF,AG2R CITROEN TEAM,310404,14862
2023,82,PATRICK KONRAD,BORA - HANSGROHE,310405,14863
2023,83,ALBERTO BETTIOL,EF EDUCATION - EASYPOST,310480,14938
2023,84,G LAWSON CRADDOCK,TEAM JAYCO ALULA,310693,15151
2023,85,JONAS ABRAHAMSEN,UNO-X PRO CYCLING TEAM,310754,15212
2023,86,TONY GALLOPIN,LIDL - TREK,310831,15289
2023,87,KASPER ASGREEN,SOUDAL QUICK-STEP,310851,15309
2023,88,DANIEL OSS,TOTALENERGIES,310921,15379
2023,89,VALENTIN FERRON,TOTALENERGIES,311097,15555
2023,90,CORBIN STRONG,ISRAEL - PREMIER TECH,311223,15681
2023,91,PASCAL EENKHOORN,LOTTO DSTNY,311257,15715
2023,92,ALFRED BROCKWELL WRIGHT,BAHRAIN VICTORIOUS,311313,15771
2023,93,NATHAN VAN HOOYDONCK,JUMBO-VISMA,311386,15844
2023,94,ANTHONY TURGIS,TOTALENERGIES,311404,15862
2023,95,TORSTEIN TRÆEN,UNO-X PRO CYCLING TEAM,311529,15987
2023,96,MAGNUS CORT NIELSEN,EF EDUCATION - EASYPOST,311877,16335
2023,97,JASPER PHILIPSEN,ALPECIN-DECEUNINCK,311908,16366
2023,98,BRYAN COQUARD,COFIDIS,311937,16395
2023,99,ANTHON CHARMIG,UNO-X PRO CYCLING TEAM,312033,16491
2023,100,EDVALD BOASSON-HAGEN,TOTALENERGIES,312220,16678
2023,101,BENOIT COSNEFROY,AG2R CITROEN TEAM,312304,16762
2023,102,VEGARD STAKE LAENGEN,UAE TEAM EMIRATES,312365,16823
2023,103,MIKE TEUNISSEN,INTERMARCHÉ - CIRCUS - WANTY,312437,16895
2023,104,YVES LAMPAERT,SOUDAL QUICK-STEP,312498,16956
2023,105,MADS PEDERSEN,LIDL - TREK,312572,17030
2023,106,RÉMI CAVAGNA,SOUDAL QUICK-STEP,312583,17041
2023,107,MATTEO TRENTIN,UAE TEAM EMIRATES,312616,17074
2023,108,RASMUS TILLER,UNO-X PRO CYCLING TEAM,312740,17198
2023,109,SIMON CLARKE,ISRAEL - PREMIER TECH,312975,17433
2023,110,ANDREY AMADOR,EF EDUCATION - EASYPOST,313189,17647
2023,111,DION SMITH,INTERMARCHÉ - CIRCUS - WANTY,313195,17653
2023,112,LUKA MEZGEC,TEAM JAYCO ALULA,313334,17792
2023,113,QUINTEN HERMANS,ALPECIN-DECEUNINCK,313464,17922
2023,114,JONAS RICKAERT,ALPECIN-DECEUNINCK,313565,18023
2023,115,ALEX KIRSCH,LIDL - TREK,313597,18055
2023,116,DANNY VAN POPPEL,BORA - HANSGROHE,313636,18094
2023,117,JUUL CHRISTOPHER JENSEN,TEAM JAYCO ALULA,313827,18285
2023,118,TIM DECLERCQ,SOUDAL QUICK-STEP,313860,18318
2023,119,DRIES DEVENYNS,SOUDAL QUICK-STEP,313939,18397
2023,120,FLORIAN VERMEERSCH,LOTTO DSTNY,313940,18398
2023,121,NIKIAS ARNDT,BAHRAIN VICTORIOUS,314029,18487
2023,122,SOREN KRAGH ANDERSEN,ALPECIN-DECEUNINCK,314060,18518
2023,123,MIKKEL BJERG,UAE TEAM EMIRATES,314084,18542
2023,124,LAURENT PICHON,TEAM ARKEA - SAMSIC,314146,18604
2023,125,BINIAM GIRMAY,INTERMARCHÉ - CIRCUS - WANTY,314162,18620
2023,126,GUILLAUME BOIVIN,ISRAEL - PREMIER TECH,314203,18661
2023,127,PETER SAGAN,TOTALENERGIES,314399,18857
2023,128,JENTHE BIERMANS,TEAM ARKEA - SAMSIC,314406,18864
2023,129,SILVAN DILLIER,ALPECIN-DECEUNINCK,314448,18906
2023,130,LUKE DURBRIDGE,TEAM JAYCO ALULA,314520,18978
2023,131,OLIVIER LE GAC,GROUPAMA - FDJ,314571,19029
2023,132,LUCA MOZZATO,TEAM ARKEA - SAMSIC,314584,19042
2023,133,MICHAEL GOGL,ALPECIN-DECEUNINCK,314726,19184
2023,134,ALEXANDER KRISTOFF,UNO-X PRO CYCLING TEAM,314973,19431
2023,135,GIANNI MOSCON,ASTANA QAZAQSTAN TEAM,314981,19439
2023,136,JASPER DE BUYST,LOTTO DSTNY,315166,19624
2023,137,DYLAN GROENEWEGEN,TEAM JAYCO ALULA,315183,19641
2023,138,NILS EEKHOFF,TEAM DSM - FIRMENICH,315540,19998
2023,139,JORDI MEEUS,BORA - HANSGROHE,315573,20031
2023,140,SØREN WÆRENSKJOLD,UNO-X PRO CYCLING TEAM,315574,20032
2023,141,ELMAR REINDERS,TEAM JAYCO ALULA,315659,20117
2023,142,AXEL ZINGLE,COFIDIS,315905,20363
2023,143,ADRIEN PETIT,INTERMARCHÉ - CIRCUS - WANTY,316058,20516
2023,144,SAM WELSFORD,TEAM DSM - FIRMENICH,316082,20540
2023,145,JOHN DEGENKOLB,TEAM DSM - FIRMENICH,316191,20649
2023,146,ALEXANDER EDMONDSON,TEAM DSM - FIRMENICH,316221,20679
2023,147,FREDERIK FRISON,LOTTO DSTNY,316862,21320
2023,148,YEVGENIY FEDOROV,ASTANA QAZAQSTAN TEAM,316939,21397
2023,149,CEES BOL,ASTANA QAZAQSTAN TEAM,317006,21464
2023,150,MICHAEL MØRKØV,SOUDAL QUICK-STEP,317573,22031
2024,1,TADEJ POGACAR,UAE TEAM EMIRATES,301136,0
2024,2,JONAS VINGEGAARD HANSEN,TEAM VISMA | LEASE A BIKE,301513,377
2024,3,REMCO EVENEPOEL,SOUDAL QUICK-STEP,301694,558
2024,4,JOAO ALMEIDA,UAE TEAM EMIRATES,302279,1143
2024,5,MIKEL LANDA MEANA,SOUDAL QUICK-STEP,302342,1206
2024,6,ADAM YATES,UAE TEAM EMIRATES,302583,1447
2024,7,CARLOS RODRIGUEZ,INEOS GRENADIERS,302640,1504
2024,8,MATTEO JORGENSON,TEAM VISMA | LEASE A BIKE,302730,1594
2024,9,DEREK JAMES GEE,ISRAEL - PREMIER TECH,302777,1641
2024,10,SANTIAGO BUITRAGO SANCHEZ,BAHRAIN VICTORIOUS,302879,1743
2024,11,GIULIO CICCONE,LIDL-TREK,302978,1842
2024,12,SIMON PHILIP YATES,TEAM JAYCO ALULA,303480,2344
2024,13,GUILLAUME MARTIN GUYONNET,COFIDIS,303765,2629
2024,14,FELIX GALL,DECATHLON AG2R LA MONDIALE TEAM,303908,2772
2024,15,LAURENS DE PLUS,INEOS GRENADIERS,303920,2784
2024,16,STEFF CRAS,TOTALENERGIES,304094,2958
2024,17,RICHARD CARAPAZ,EF EDUCATION - EASYPOST,304100,2964
2024,18,JAI HINDLEY,RED BULL - BORA - HANSGROHE,304560,3424
2024,19,ENRIC MAS NICOLAU,MOVISTAR TEAM,305401,4265
2024,20,LOUIS MEINTJES,INTERMARCHÉ - WANTY,305446,4310
2024,21,WILCO KELDERMAN,TEAM VISMA | LEASE A BIKE,306127,4991
2024,22,JULIEN BERNARD,LIDL-TREK,306971,5835
2024,23,JAVIER ROMO OLIVER,MOVISTAR TEAM,307282,6146
2024,24,CARLOS VERONA QUINTANILLA,LIDL-TREK,307569,6433
2024,25,VALENTIN MADOUAS,GROUPAMA-FDJ,307855,6719
2024,26,ILAN VAN WILDER,SOUDAL QUICK-STEP,308006,6870
2024,27,BEN HEALY,EF EDUCATION - EASYPOST,308108,6972
2024,28,JORDAN JEGAT,TOTALENERGIES,308492,7356
2024,29,EGAN BERNAL GOMEZ,INEOS GRENADIERS,308566,7430
2024,30,ROMAIN BARDET,TEAM DSM-FIRMENICH POSTNL,308601,7465
2024,31,JACK HAIG,BAHRAIN VICTORIOUS,309029,7893
2024,32,PAVEL SIVAKOV,UAE TEAM EMIRATES,309197,8061
2024,33,BRUNO ARMIRAIL,DECATHLON AG2R LA MONDIALE TEAM,309275,8139
2024,34,ODD CHRISTIAN EIKING,UNO-X MOBILITY,309450,8314
2024,35,TOBIAS HALLAND JOHANNESSEN,UNO-X MOBILITY,309633,8497
2024,36,CRISTIAN RODRIGUEZ MARTIN,ARKEA-B&B HOTELS,309955,8819
2024,37,BOB JUNGELS,RED BULL - BORA - HANSGROHE,310081,8945
2024,38,JAKOB FUGLSANG,ISRAEL - PREMIER TECH,310238,9102
2024,39,EDGAR OSCAR ONLEY,TEAM DSM-FIRMENICH POSTNL,310835,9699
2024,40,WARREN BARGUIL,TEAM DSM-FIRMENICH POSTNL,310869,9733
2024,41,ROMAIN GREGOIRE,GROUPAMA-FDJ,310957,9821
2024,42,GERAINT THOMAS,INEOS GRENADIERS,311192,10056
2024,43,WOUT POELS,BAHRAIN VICTORIOUS,311628,10492
2024,44,MARC SOLER,UAE TEAM EMIRATES,311683,10547
2024,45,TOMS SKUJINS,LIDL-TREK,311758,10622
2024,46,QUENTIN PACHER,GROUPAMA-FDJ,312843,11707
2024,47,JOHANNES KULSET,UNO-X MOBILITY,312998,11862
2024,48,NICOLAS PRODHOMME,DECATHLON AG2R LA MONDIALE TEAM,313101,11965
2024,49,TIESJ BENOOT,TEAM VISMA | LEASE A BIKE,313507,12371
2024,50,HUGO HOULE,ISRAEL - PREMIER TECH,313551,12415
2024,51,NELSON OLIVEIRA,MOVISTAR TEAM,313970,12834
2024,52,WOUT VAN AERT,TEAM VISMA | LEASE A BIKE,314092,12956
2024,53,JONATHAN CASTROVIEJO NICOLAS,INEOS GRENADIERS,314094,12958
2024,54,MICHAL KWIATKOWSKI,INEOS GRENADIERS,314130,12994
2024,55,JONAS ABRAHAMSEN,UNO-X MOBILITY,314274,13138
2024,56,GREGOR MÜHLBERGER,MOVISTAR TEAM,314353,13217
2024,57,MAGNUS CORT NIELSEN,UNO-X MOBILITY,314453,13317
2024,58,KÉVIN GENIETS,GROUPAMA-FDJ,314595,13459
2024,59,NEILSON POWLESS,EF EDUCATION - EASYPOST,314660,13524
2024,60,MATTEO SOBRERO,RED BULL - BORA - HANSGROHE,314742,13606
2024,61,JASPER STUYVEN,LIDL-TREK,314795,13659
2024,62,FRANK VAN DEN BROEK,TEAM DSM-FIRMENICH POSTNL,314818,13682
2024,63,MATHIEU BURGAUDEAU,TOTALENERGIES,314833,13697
2024,64,JAN TRATNIK,TEAM VISMA | LEASE A BIKE,314850,13714
2024,65,DAVID GAUDU,GROUPAMA-FDJ,314899,13763
2024,66,KRISTS NEILANDS,ISRAEL - PREMIER TECH,315064,13928
2024,67,JAN HIRT,SOUDAL QUICK-STEP,315176,14040
2024,68,RUI COSTA,EF EDUCATION - EASYPOST,315186,14050
2024,69,KOBE GOOSSENS,INTERMARCHÉ - WANTY,315301,14165
2024,70,BART LEMMEN,TEAM VISMA | LEASE A BIKE,315324,14188
2024,71,ALEX ARANBURU DEVA,MOVISTAR TEAM,315409,14273
2024,72,DAVIDE FORMOLO,MOVISTAR TEAM,315517,14381
2024,73,STEPHEN WILLIAMS,ISRAEL - PREMIER TECH,315533,14397
2024,74,HAROLD TEJADA CANACUE,ASTANA QAZAQSTAN TEAM,315549,14413
2024,75,NILS POLITT,UAE TEAM EMIRATES,315737,14601
2024,76,NANS PETERS,DECATHLON AG2R LA MONDIALE TEAM,315995,14859
2024,77,GEORG ZIMMERMANN,INTERMARCHÉ - WANTY,316015,14879
2024,78,SEAN QUINN,EF EDUCATION - EASYPOST,316174,15038
2024,79,OIER LAZKANO LOPEZ,MOVISTAR TEAM,316177,15041
2024,80,TIM WELLENS,UAE TEAM EMIRATES,316785,15649
2024,81,VICTOR CAMPENAERTS,LOTTO DSTNY,316937,15801
2024,82,DORIAN GODON,DECATHLON AG2R LA MONDIALE TEAM,316943,15807
2024,83,OLIVER NAESEN,DECATHLON AG2R LA MONDIALE TEAM,316959,15823
2024,84,CHRISTOPHE LAPORTE,TEAM VISMA | LEASE A BIKE,317123,15987
2024,85,MARCO HALLER,RED BULL - BORA - HANSGROHE,317148,16012
2024,86,GIANNI MOSCON,SOUDAL QUICK-STEP,317150,16014
2024,87,RYAN GIBBONS,LIDL-TREK,317260,16124
2024,88,PAUL LAPEIRA,DECATHLON AG2R LA MONDIALE TEAM,317270,16134
2024,89,MICHAEL MATTHEWS,TEAM JAYCO ALULA,317339,16203
2024,90,FABIEN GRELLIER,TOTALENERGIES,317556,16420
2024,91,KÉVIN VAUQUELIN,ARKEA-B&B HOTELS,317572,16436
2024,92,THOMAS GACHIGNARD,TOTALENERGIES,317846,16710
2024,93,MIKE TEUNISSEN,INTERMARCHÉ - WANTY,317950,16814
2024,94,SIMON GESCHKE,COFIDIS,317966,16830
2024,95,BRENT VAN MOER,LOTTO DSTNY,318085,16949
2024,96,MATHIEU VAN DER POEL,ALPECIN-DECEUNINCK,318181,17045
2024,97,JUUL CHRISTOPHER JENSEN,TEAM JAYCO ALULA,318248,17112
2024,98,RAUL GARCIA PIERNA,ARKEA-B&B HOTELS,318308,17172
2024,99,AXEL LAURANCE,ALPECIN-DECEUNINCK,318321,17185
2024,100,STEFAN BISSEGGER,EF EDUCATION - EASYPOST,318351,17215
2024,101,CLÉMENT CHAMPOUSSIN,ARKEA-B&B HOTELS,318535,17399
2024,102,CLÉMENT RUSSO,GROUPAMA-FDJ,318620,17484
2024,103,MATTEO VERCHER,TOTALENERGIES,318850,17714
2024,104,BRYAN COQUARD,COFIDIS,318942,17806
2024,105,RASMUS TILLER,UNO-X MOBILITY,318947,17811
2024,106,ANTHONY TURGIS,TOTALENERGIES,319124,17988
2024,107,GIANNI VERMEERSCH,ALPECIN-DECEUNINCK,319263,18127
2024,108,AXEL ZINGLE,COFIDIS,319406,18270
2024,109,MARIJN VAN DEN BERG,EF EDUCATION - EASYPOST,319611,18475
2024,110,NICO DENZ,RED BULL - BORA - HANSGROHE,319628,18492
2024,111,NIKIAS ARNDT,BAHRAIN VICTORIOUS,319644,18508
2024,112,PASCAL ACKERMANN,ISRAEL - PREMIER TECH,319750,18614
2024,113,BINIAM GIRMAY,INTERMARCHÉ - WANTY,319903,18767
2024,114,PIET ALLEGAERT,COFIDIS,320110,18974
2024,115,BEN TURNER,INEOS GRENADIERS,320167,19031
2024,116,LUKA MEZGEC,TEAM JAYCO ALULA,320182,19046
2024,117,HUGO PAGE,INTERMARCHÉ - WANTY,320215,19079
2024,118,LAURENZ REX,INTERMARCHÉ - WANTY,320236,19100
2024,119,ARNAUD DE LIE,LOTTO DSTNY,320332,19196
2024,120,DANNY VAN POPPEL,RED BULL - BORA - HANSGROHE,320472,19336
2024,121,CEDRIC BEULLENS,LOTTO DSTNY,320533,19397
2024,122,JOHN DEGENKOLB,TEAM DSM-FIRMENICH POSTNL,320584,19448
2024,123,LUKE DURBRIDGE,TEAM JAYCO ALULA,320733,19597
2024,124,LENNY MARTINEZ,GROUPAMA-FDJ,320741,19605
2024,125,YVES LAMPAERT,SOUDAL QUICK-STEP,320807,19671
2024,126,SILVAN DILLIER,ALPECIN-DECEUNINCK,321017,19881
2024,127,MATEJ MOHORIC,BAHRAIN VICTORIOUS,321138,20002
2024,128,JASPER PHILIPSEN,ALPECIN-DECEUNINCK,321209,20073
2024,129,SÉBASTIEN GRIGNARD,LOTTO DSTNY,321348,20212
2024,130,HARM VANHOUCKE,LOTTO DSTNY,321367,20231
2024,131,ALEXANDER KRISTOFF,UNO-X MOBILITY,321518,20382
2024,132,SANDY DUJARDIN,TOTALENERGIES,321594,20458
2024,133,SØREN WÆRENSKJOLD,UNO-X MOBILITY,321920,20784
2024,134,ROBBE GHYS,ALPECIN-DECEUNINCK,322450,21314
2024,135,DYLAN GROENEWEGEN,TEAM JAYCO ALULA,322597,21461
2024,136,DANIEL MCLAY,ARKEA-B&B HOTELS,322624,21488
2024,137,LUCA MOZZATO,ARKEA-B&B HOTELS,322712,21576
2024,138,CEES BOL,ASTANA QAZAQSTAN TEAM,323227,22091
2024,139,JARRAD ERIKS DRIZNERS,LOTTO DSTNY,323477,22341
2024,140,DAVIDE BALLERINI,ASTANA QAZAQSTAN TEAM,324102,22966
2024,141,MARK CAVENDISH,ASTANA QAZAQSTAN TEAM,324127,22991
2025,1,TADEJ POGACAR,UAE TEAM EMIRATES XRG,273632,0
2025,2,JONAS VINGEGAARD HANSEN,TEAM VISMA | LEASE A BIKE,273896,264
2025,3,FLORIAN LIPOWITZ,RED BULL - BORA - HANSGROHE,274292,660
2025,4,EDGAR OSCAR ONLEY,TEAM PICNIC POSTNL,274364,732
2025,5,FELIX GALL,DECATHLON AG2R LA MONDIALE TEAM,274664,1032
2025,6,TOBIAS HALLAND JOHANNESSEN,UNO-X MOBILITY,274846,1214
2025,7,KÉVIN VAUQUELIN,ARKEA-B&B HOTELS,274987,1355
2025,8,PRIMOZ ROGLIC,RED BULL - BORA - HANSGROHE,275162,1530
2025,9,BEN HEALY,EF EDUCATION - EASYPOST,275314,1682
2025,10,JORDAN JEGAT,TOTALENERGIES,275594,1962
2025,11,BEN ALEXANDER O'CONNOR,TEAM JAYCO ALULA,275706,2074
2025,12,THYMEN ARENSMAN,INEOS GRENADIERS,276793,3161
2025,13,JHONATAN MANUEL NARVAEZ PRADO,UAE TEAM EMIRATES XRG,277508,3876
2025,14,SERGIO ANDRES HIGUITA GARCIA,XDS ASTANA TEAM,277731,4099
2025,15,SIMON PHILIP YATES,TEAM VISMA | LEASE A BIKE,278282,4650
2025,16,GUILLAUME MARTIN GUYONNET,GROUPAMA-FDJ,278319,4687
2025,17,SEPP KUSS,TEAM VISMA | LEASE A BIKE,278456,4824
2025,18,GREGOR MÜHLBERGER,MOVISTAR TEAM,278929,5297
2025,19,MATTEO JORGENSON,TEAM VISMA | LEASE A BIKE,279000,5368
2025,20,CRISTIAN RODRIGUEZ MARTIN,ARKEA-B&B HOTELS,279407,5775
2025,21,VALENTIN MADOUAS,GROUPAMA-FDJ,279618,5986
2025,22,XANDRO MEURISSE,ALPECIN-DECEUNINCK,279858,6226
2025,23,WARREN BARGUIL,TEAM PICNIC POSTNL,280121,6489
2025,24,ADAM YATES,UAE TEAM EMIRATES XRG,280153,6521
2025,25,AURÉLIEN PARET PEINTRE,DECATHLON AG2R LA MONDIALE TEAM,281604,7972
2025,26,RAUL GARCIA PIERNA,ARKEA-B&B HOTELS,281790,8158
2025,27,ALEKSANDR VLASOV,RED BULL - BORA - HANSGROHE,281807,8175
2025,28,VICTOR CAMPENAERTS,TEAM VISMA | LEASE A BIKE,282068,8436
2025,29,MARC SOLER,UAE TEAM EMIRATES XRG,282093,8461
2025,30,EMANUEL BUCHMANN,COFIDIS,282126,8494
2025,31,EINER AUGUSTO RUBIO REYES,MOVISTAR TEAM,282148,8516
2025,32,ILAN VAN WILDER,SOUDAL QUICK-STEP,282226,8594
2025,33,CALLUM SCOTSON,DECATHLON AG2R LA MONDIALE TEAM,282372,8740
2025,34,ROMAIN GREGOIRE,GROUPAMA-FDJ,282390,8758
2025,35,HARRISON WILLIAM SWEENY,EF EDUCATION - EASYPOST,282510,8878
2025,36,CLÉMENT BERTHET,DECATHLON AG2R LA MONDIALE TEAM,282802,9170
2025,37,TIM WELLENS,UAE TEAM EMIRATES XRG,283136,9504
2025,38,SIMONE VELASCO,XDS ASTANA TEAM,283323,9691
2025,39,FRANK VAN DEN BROEK,TEAM PICNIC POSTNL,283576,9944
2025,40,SANTIAGO BUITRAGO SANCHEZ,BAHRAIN VICTORIOUS,283580,9948
2025,41,VALENTIN PARET PEINTRE,SOUDAL QUICK-STEP,283657,10025
2025,42,MICHAEL STORER,TUDOR PRO CYCLING TEAM,283883,10251
2025,43,CLEMENT VENTURINI,ARKEA-B&B HOTELS,283991,10359
2025,44,HAROLD TEJADA CANACUE,XDS ASTANA TEAM,284106,10474
2025,45,QUENTIN PACHER,GROUPAMA-FDJ,284192,10560
2025,46,ALEX BAUDIN,EF EDUCATION - EASYPOST,284207,10575
2025,47,NEILSON POWLESS,EF EDUCATION - EASYPOST,284364,10732
2025,48,PETER JOSEPH BLACKMORE,ISRAEL - PREMIER TECH,284376,10744
2025,49,PASCAL EENKHOORN,SOUDAL QUICK-STEP,284457,10825
2025,50,BRUNO ARMIRAIL,DECATHLON AG2R LA MONDIALE TEAM,284624,10992
2025,51,EWEN COSTIOU,ARKEA-B&B HOTELS,284827,11195
2025,52,MICHAEL RUSSELL WOODS,ISRAEL - PREMIER TECH,284851,11219
2025,53,AXEL LAURANCE,INEOS GRENADIERS,285042,11410
2025,54,TIESJ BENOOT,TEAM VISMA | LEASE A BIKE,285051,11419
2025,55,ALEXANDRE DELETTRE,TOTALENERGIES,285180,11548
2025,56,JULIAN ALAPHILIPPE,TUDOR PRO CYCLING TEAM,285232,11600
2025,57,ANDREAS LEKNESSUND,UNO-X MOBILITY,285316,11684
2025,58,GERAINT THOMAS,INEOS GRENADIERS,285329,11697
2025,59,QUINN SIMMONS,LIDL-TREK,285488,11856
2025,60,THOMAS GACHIGNARD,TOTALENERGIES,285826,12194
2025,61,MATHIS LE BERRE,ARKEA-B&B HOTELS,285960,12328
2025,62,JASPER STUYVEN,LIDL-TREK,286003,12371
2025,63,MATHIEU BURGAUDEAU,TOTALENERGIES,286010,12378
2025,64,MARKUS HOELGAARD,UNO-X MOBILITY,286021,12389
2025,65,EMIEL VERSTRYNGE,ALPECIN-DECEUNINCK,286113,12481
2025,66,JENNO BERCKMOES,LOTTO,286424,12792
2025,67,WOUT VAN AERT,TEAM VISMA | LEASE A BIKE,286468,12836
2025,68,MAXIMILIAN SCHACHMANN,SOUDAL QUICK-STEP,286533,12901
2025,69,ION IZAGIRRE INSAUSTI,COFIDIS,286534,12902
2025,70,TOBIAS SVENDSEN FOSS,INEOS GRENADIERS,286547,12915
2025,71,JONAS ABRAHAMSEN,UNO-X MOBILITY,286613,12981
2025,72,MICHAEL VALGREN,EF EDUCATION - EASYPOST,286653,13021
2025,73,OLIVER NAESEN,DECATHLON AG2R LA MONDIALE TEAM,286800,13168
2025,74,NELSON OLIVEIRA,MOVISTAR TEAM,286895,13263
2025,75,NILS POLITT,UAE TEAM EMIRATES XRG,287117,13485
2025,76,ANDERS HALLAND JOHANNESSEN,UNO-X MOBILITY,287194,13562
2025,77,BASTIEN TRONCHON,DECATHLON AG2R LA MONDIALE TEAM,287228,13596
2025,78,MARC HIRSCHI,TUDOR PRO CYCLING TEAM,287349,13717
2025,79,LENNY MARTINEZ,BAHRAIN VICTORIOUS,287377,13745
2025,80,MIKE TEUNISSEN,XDS ASTANA TEAM,287400,13768
2025,81,ALEX ARANBURU DEVA,COFIDIS,287401,13769
2025,82,LOUIS BARRE,INTERMARCHÉ - WANTY,287526,13894
2025,83,MARIUS MAYRHOFER,TUDOR PRO CYCLING TEAM,287630,13998
2025,84,BRENT VAN MOER,LOTTO,287631,13999
2025,85,CLÉMENT CHAMPOUSSIN,XDS ASTANA TEAM,287639,14007
2025,86,KADEN GROVES,ALPECIN-DECEUNINCK,287641,14009
2025,87,PAVEL SIVAKOV,UAE TEAM EMIRATES XRG,287691,14059
2025,88,KRISTS NEILANDS,ISRAEL - PREMIER TECH,287697,14065
2025,89,LAURENCE PITHIE,RED BULL - BORA - HANSGROHE,287716,14084
2025,90,DYLAN TEUNS,COFIDIS,287780,14148
2025,91,KASPER ASGREEN,EF EDUCATION - EASYPOST,287937,14305
2025,92,ALEXEY LUTSENKO,ISRAEL - PREMIER TECH,288024,14392
2025,93,CLÉMENT RUSSO,GROUPAMA-FDJ,288136,14504
2025,94,DAMIEN TOUZE,COFIDIS,288140,14508
2025,95,TOMS SKUJINS,LIDL-TREK,288288,14656
2025,96,TOBIAS LUND LUND ANDRESEN,TEAM PICNIC POSTNL,288443,14811
2025,97,MARCO HALLER,TUDOR PRO CYCLING TEAM,288596,14964
2025,98,JONAS RICKAERT,ALPECIN-DECEUNINCK,288709,15077
2025,99,MATTEO TRENTIN,TUDOR PRO CYCLING TEAM,288783,15151
2025,100,MATIS LOUVEL,ISRAEL - PREMIER TECH,288813,15181
2025,101,MAURO SCHMID,TEAM JAYCO ALULA,288872,15240
2025,102,WILLIAM BARTA,MOVISTAR TEAM,289239,15607
2025,103,GIANNI VERMEERSCH,ALPECIN-DECEUNINCK,289381,15749
2025,104,ALFRED BROCKWELL WRIGHT,BAHRAIN VICTORIOUS,289404,15772
2025,105,GIANNI MOSCON,RED BULL - BORA - HANSGROHE,289888,16256
2025,106,ANTHONY TURGIS,TOTALENERGIES,289950,16318
2025,107,IVAN ROMEO ABAD,MOVISTAR TEAM,290061,16429
2025,108,THOMAS JAKE STEWART,ISRAEL - PREMIER TECH,290229,16597
2025,109,CONNOR SWIFT,INEOS GRENADIERS,290462,16830
2025,110,PABLO CASTRILLO ZAPATER,MOVISTAR TEAM,290603,16971
2025,111,PAUL PENHOET,GROUPAMA-FDJ,290716,17084
2025,112,NIKLAS MÄRKL,TEAM PICNIC POSTNL,290815,17183
2025,113,MICK VAN DIJKE,RED BULL - BORA - HANSGROHE,290842,17210
2025,114,VINCENZO ALBANESE,EF EDUCATION - EASYPOST,290932,17300
2025,115,SAMUEL WATSON,INEOS GRENADIERS,291046,17414
2025,116,THIBAU NYS,LIDL-TREK,291074,17442
2025,117,IVAN GARCIA CORTINA,MOVISTAR TEAM,291230,17598
2025,118,EDOARDO AFFINI,TEAM VISMA | LEASE A BIKE,291325,17693
2025,119,ALBERTO DAINESE,TUDOR PRO CYCLING TEAM,291423,17791
2025,120,TIM NABERMAN,TEAM PICNIC POSTNL,291635,18003
2025,121,LUCAS PLAPP,TEAM JAYCO ALULA,291786,18154
2025,122,EDUARDO SEPULVEDA,LOTTO,291806,18174
2025,123,ROBERT STANNARD,BAHRAIN VICTORIOUS,291842,18210
2025,124,MATTEO VERCHER,TOTALENERGIES,292025,18393
2025,125,PASCAL ACKERMANN,ISRAEL - PREMIER TECH,292229,18597
2025,126,MATEJ MOHORIC,BAHRAIN VICTORIOUS,292245,18613
2025,127,LEWIS ASKEY,GROUPAMA-FDJ,292272,18640
2025,128,JONAS RUTSCH,INTERMARCHÉ - WANTY,292299,18667
2025,129,JARRAD ERIKS DRIZNERS,LOTTO,292309,18677
2025,130,MAGNUS CORT NIELSEN,UNO-X MOBILITY,292343,18711
2025,131,SILVAN DILLIER,ALPECIN-DECEUNINCK,292484,18852
2025,132,BINIAM GIRMAY,INTERMARCHÉ - WANTY,292527,18895
2025,133,PAVEL BITTNER,TEAM PICNIC POSTNL,292696,19064
2025,134,SEAN FLYNN,TEAM PICNIC POSTNL,292725,19093
2025,135,DAVIDE BALLERINI,XDS ASTANA TEAM,292854,19222
2025,136,AMAURY CAPIOT,ARKEA-B&B HOTELS,292990,19358
2025,137,LUKE DURBRIDGE,TEAM JAYCO ALULA,293033,19401
2025,138,HUGO PAGE,INTERMARCHÉ - WANTY,293095,19463
2025,139,STIAN EDVARDSEN-FREDHEIM,UNO-X MOBILITY,293233,19601
2025,140,ELMAR REINDERS,TEAM JAYCO ALULA,293362,19730
2025,141,LAURENZ REX,INTERMARCHÉ - WANTY,293388,19756
2025,142,ARNAUD DE LIE,LOTTO,293407,19775
2025,143,VITO BRAET,INTERMARCHÉ - WANTY,293556,19924
2025,144,SÉBASTIEN GRIGNARD,LOTTO,293660,20028
2025,145,ALEXIS RENARD,COFIDIS,293728,20096
2025,146,JONATHAN MILAN,LIDL-TREK,293767,20135
2025,147,BERT VAN LERBERGHE,SOUDAL QUICK-STEP,293839,20207
2025,148,TIM MERLIER,SOUDAL QUICK-STEP,293871,20239
2025,149,GUILLAUME BOIVIN,ISRAEL - PREMIER TECH,293896,20264
2025,150,DYLAN GROENEWEGEN,TEAM JAYCO ALULA,293936,20304
2025,151,PHIL BAUHAUS,BAHRAIN VICTORIOUS,294001,20369
2025,152,LUKA MEZGEC,TEAM JAYCO ALULA,294040,20408
2025,153,ARNAUD DEMARE,ARKEA-B&B HOTELS,294067,20435
2025,154,BENJAMIN THOMAS,COFIDIS,294108,20476
2025,155,KAMIL GRADEK,BAHRAIN VICTORIOUS,294263,20631
2025,156,ROEL VAN SINTMAARTENSDIJK,INTERMARCHÉ - WANTY,294283,20651
2025,157,FABIAN LIENHARD,TUDOR PRO CYCLING TEAM,294392,20760
2025,158,JORDI MEEUS,RED BULL - BORA - HANSGROHE,294537,20905
2025,159,EDWARD THEUNS,LIDL-TREK,294717,21085
2025,160,SIMONE CONSONNI,LIDL-TREK,294732,21100
2026,1,TADEJ POGACAR,UAE TEAM EMIRATES XRG,266186,0
2026,2,REMCO EVENEPOEL,RED BULL - BORA - HANSGROHE,266572,386
2026,3,ISAAC DEL TORO ROMERO,UAE TEAM EMIRATES XRG,266768,582
2026,4,PAUL SEIXAS,DECATHLON CMA CGM TEAM,266902,716
2026,5,LENNY MARTINEZ,BAHRAIN VICTORIOUS,266968,782
2026,6,MATTIAS SKJELMOSE,LIDL-TREK,267085,899
2026,7,JUAN AYUSO PESQUERA,LIDL-TREK,267254,1068
2026,8,RICHARD CARAPAZ,EF EDUCATION - EASYPOST,267386,1200
2026,9,TOM PIDCOCK,PINARELLO-Q36.5 PRO CYCLING TEAM,267954,1768
2026,10,JORDAN JEGAT,TOTALENERGIES,268187,2001
2026,11,YANNIS VOISARD,TUDOR PRO CYCLING TEAM,268468,2282
2026,12,TOBIAS HALLAND JOHANNESSEN,UNO-X MOBILITY,269583,3397
2026,13,SEPP KUSS,TEAM VISMA | LEASE A BIKE,269929,3743
2026,14,DAVIDE PIGANZOLI,TEAM VISMA | LEASE A BIKE,270009,3823
2026,15,JAI HINDLEY,RED BULL - BORA - HANSGROHE,271194,5008
2026,16,NICOLAS PRODHOMME,DECATHLON CMA CGM TEAM,271287,5101
2026,17,TIESJ BENOOT,DECATHLON CMA CGM TEAM,271762,5576
2026,18,QUINN SIMMONS,LIDL-TREK,271914,5728
2026,19,SEAN QUINN,EF EDUCATION - EASYPOST,272611,6425
2026,20,EGAN BERNAL GOMEZ,NETCOMPANY INEOS CYCLING TEAM,272664,6478
2026,21,ADAM YATES,UAE TEAM EMIRATES XRG,272905,6719
2026,22,THYMEN ARENSMAN,NETCOMPANY INEOS CYCLING TEAM,273548,7362
2026,23,CARLOS VERONA QUINTANILLA,LIDL-TREK,273708,7522
2026,24,MATTHEW RICCITELLO,DECATHLON CMA CGM TEAM,274055,7869
2026,25,DEREK JAMES GEE,LIDL-TREK,274165,7979
2026,26,HAROLD TEJADA CANACUE,XDS ASTANA TEAM,274573,8387
2026,27,MAXIM VAN GILS,RED BULL - BORA - HANSGROHE,274835,8649
2026,28,BEN ALEXANDER O'CONNOR,TEAM JAYCO ALULA,275284,9098
2026,29,PABLO CASTRILLO ZAPATER,MOVISTAR TEAM,275289,9103
2026,30,MATTEO JORGENSON,TEAM VISMA | LEASE A BIKE,275395,9209
2026,31,GUILLAUME MARTIN GUYONNET,GROUPAMA-FDJ UNITED,275441,9255
2026,32,FELIX GROSSSCHARTNER,UAE TEAM EMIRATES XRG,275988,9802
2026,33,MATTIA CATTANEO,RED BULL - BORA - HANSGROHE,276465,10279
2026,34,RAUL GARCIA PIERNA,MOVISTAR TEAM,276538,10352
2026,35,MAURO SCHMID,TEAM JAYCO ALULA,276595,10409
2026,36,KÉVIN VAUQUELIN,NETCOMPANY INEOS CYCLING TEAM,277063,10877
2026,37,ANTONIO TIBERI,BAHRAIN VICTORIOUS,277218,11032
2026,38,SERGIO ANDRES HIGUITA GARCIA,XDS ASTANA TEAM,277261,11075
2026,39,QUINTEN HERMANS,PINARELLO-Q36.5 PRO CYCLING TEAM,277309,11123
2026,40,CLÉMENT BRAZ AFONSO,GROUPAMA-FDJ UNITED,277369,11183
2026,41,LENNERT VAN EETVELT,LOTTO INTERMARCHE,277488,11302
2026,42,AURÉLIEN PARET PEINTRE,DECATHLON CMA CGM TEAM,277494,11308
2026,43,TOBIAS SVENDSEN FOSS,NETCOMPANY INEOS CYCLING TEAM,277495,11309
2026,44,VALENTIN PARET PEINTRE,SOUDAL QUICK-STEP,277547,11361
2026,45,ION IZAGIRRE INSAUSTI,COFIDIS,277599,11413
2026,46,ALEX BAUDIN,EF EDUCATION - EASYPOST,277687,11501
2026,47,ABEL BALDERSTONE ROUMENS,CAJA RURAL-SEGUROS RGA,278452,12266
2026,48,MARC HIRSCHI,TUDOR PRO CYCLING TEAM,278785,12599
2026,49,MATHIAS VACEK,LIDL-TREK,279062,12876
2026,50,NICOLAS BREUILLARD,TOTALENERGIES,279062,12876
2026,51,JORIS DELBOVE,TOTALENERGIES,279212,13026
2026,52,MICHAEL MATTHEWS,TEAM JAYCO ALULA,279241,13055
2026,53,MICHAEL VALGREN,EF EDUCATION - EASYPOST,279335,13149
2026,54,JAVIER ROMO OLIVER,MOVISTAR TEAM,279495,13309
2026,55,DAMIANO CARUSO,BAHRAIN VICTORIOUS,279789,13603
2026,56,XANDRO MEURISSE,PINARELLO-Q36.5 PRO CYCLING TEAM,279939,13753
2026,57,ROMAIN GREGOIRE,GROUPAMA-FDJ UNITED,279986,13800
2026,58,QUENTIN PACHER,GROUPAMA-FDJ UNITED,280015,13829
2026,59,BEN HEALY,EF EDUCATION - EASYPOST,280049,13863
2026,60,ANDERS SKAARSETH,UNO-X MOBILITY,280773,14587
2026,61,ALEXANDRE DELETTRE,TOTALENERGIES,280782,14596
2026,62,BRUNO ARMIRAIL,TEAM VISMA | LEASE A BIKE,280792,14606
2026,63,MICHAEL STORER,TUDOR PRO CYCLING TEAM,281283,15097
2026,64,ANDERS HALLAND JOHANNESSEN,UNO-X MOBILITY,281468,15282
2026,65,NELSON OLIVEIRA,MOVISTAR TEAM,281662,15476
2026,66,VLAD VAN MECHELEN,BAHRAIN VICTORIOUS,281673,15487
2026,67,LOUIS VERVAEKE,SOUDAL QUICK-STEP,281704,15518
2026,68,GEORGE BENNETT,NSN CYCLING TEAM,281708,15522
2026,69,CLÉMENT RUSSO,GROUPAMA-FDJ UNITED,281811,15625
2026,70,FELIX ENGELHARDT,TEAM JAYCO ALULA,281937,15751
2026,71,JASPER STUYVEN,SOUDAL QUICK-STEP,281955,15769
2026,72,NILS POLITT,UAE TEAM EMIRATES XRG,281996,15810
2026,73,RICK PLUIMERS,TUDOR PRO CYCLING TEAM,282057,15871
2026,74,TIM WELLENS,UAE TEAM EMIRATES XRG,282114,15928
2026,75,MATHIEU VAN DER POEL,ALPECIN-PREMIER TECH,282174,15988
2026,76,MATHIS LE BERRE,TOTALENERGIES,282195,16009
2026,77,JONAS ABRAHAMSEN,UNO-X MOBILITY,282409,16223
2026,78,MARCO FRIGO,NSN CYCLING TEAM,282510,16324
2026,79,EWEN COSTIOU,GROUPAMA-FDJ UNITED,282529,16343
2026,80,MADS PEDERSEN,LIDL-TREK,282571,16385
2026,81,BRENT VAN MOER,PINARELLO-Q36.5 PRO CYCLING TEAM,282580,16394
2026,82,VICTOR CAMPENAERTS,TEAM VISMA | LEASE A BIKE,282643,16457
2026,83,JAN TRATNIK,RED BULL - BORA - HANSGROHE,282650,16464
2026,84,KASPER ASGREEN,EF EDUCATION - EASYPOST,282723,16537
2026,85,ALEX ARANBURU DEVA,COFIDIS,282861,16675
2026,86,MATTEO VERCHER,TOTALENERGIES,282910,16724
2026,87,WARREN BARGUIL,TEAM PICNIC POSTNL,282989,16803
2026,88,DAMIEN CRAIG HOWSON,PINARELLO-Q36.5 PRO CYCLING TEAM,283084,16898
2026,89,SEBASTIAN BERWICK,CAJA RURAL-SEGUROS RGA,283230,17044
2026,90,GEORG ZIMMERMANN,LOTTO INTERMARCHE,283247,17061
2026,91,LUCAS PLAPP,TEAM JAYCO ALULA,283256,17070
2026,92,MATEJ MOHORIC,BAHRAIN VICTORIOUS,283256,17070
2026,93,LORENZO GERMANI,GROUPAMA-FDJ UNITED,283484,17298
2026,94,TOMS SKUJINS,LIDL-TREK,283565,17379
2026,95,NICO DENZ,RED BULL - BORA - HANSGROHE,283722,17536
2026,96,EMIEL VERSTRYNGE,ALPECIN-PREMIER TECH,284017,17831
2026,97,MAGNUS CORT NIELSEN,UNO-X MOBILITY,284063,17877
2026,98,NICOLYA VINOKUROV,XDS ASTANA TEAM,284258,18072
2026,99,XABIER AZPARREN IRURZUN,PINARELLO-Q36.5 PRO CYCLING TEAM,284360,18174
2026,100,SIMONE VELASCO,XDS ASTANA TEAM,284441,18255
2026,101,JEFFERSON CEPEDA,MOVISTAR TEAM,284468,18282
2026,102,FRANK VAN DEN BROEK,TEAM PICNIC POSTNL,284642,18456
2026,103,PER STRAND HAGENES,TEAM VISMA | LEASE A BIKE,284651,18465
2026,104,MICHEL HEßMANN,MOVISTAR TEAM,284874,18688
2026,105,ROBERT STANNARD,BAHRAIN VICTORIOUS,284978,18792
2026,106,MAX WALKER,EF EDUCATION - EASYPOST,284985,18799
2026,107,LUKE DURBRIDGE,TEAM JAYCO ALULA,284992,18806
2026,108,ANTHONY TURGIS,TOTALENERGIES,285081,18895
2026,109,THIBAULT GUERNALEC,TOTALENERGIES,285113,18927
2026,110,MICHAL KWIATKOWSKI,NETCOMPANY INEOS CYCLING TEAM,285125,18939
2026,111,TIM VAN DIJKE,RED BULL - BORA - HANSGROHE,285189,19003
2026,112,JAKUB OTRUBA,CAJA RURAL-SEGUROS RGA,285229,19043
2026,113,GEORG STEINHAUSER,EF EDUCATION - EASYPOST,285365,19179
2026,114,EDWARD PLANCKAERT,ALPECIN-PREMIER TECH,285644,19458
2026,115,JONAS RICKAERT,ALPECIN-PREMIER TECH,285665,19479
2026,116,FLORIAN VERMEERSCH,UAE TEAM EMIRATES XRG,285795,19609
2026,117,BENJAMIN THOMAS,COFIDIS,285811,19625
2026,118,ROBBE DHONDT,TEAM PICNIC POSTNL,285822,19636
2026,119,HUGO PAGE,COFIDIS,285862,19676
2026,120,JOSHUA MICHAEL TARLING,NETCOMPANY INEOS CYCLING TEAM,285894,19708
2026,121,AARON MURRAY GATE,XDS ASTANA TEAM,285922,19736
2026,122,ALEX KIRSCH,COFIDIS,285991,19805
2026,123,FILIPPO GANNA,NETCOMPANY INEOS CYCLING TEAM,286046,19860
2026,124,MIKE TEUNISSEN,XDS ASTANA TEAM,286104,19918
2026,125,JULIAN ALAPHILIPPE,TUDOR PRO CYCLING TEAM,286173,19987
2026,126,STEFANO OLDANI,CAJA RURAL-SEGUROS RGA,286200,20014
2026,127,ALFRED BROCKWELL WRIGHT,PINARELLO-Q36.5 PRO CYCLING TEAM,286367,20181
2026,128,LIAM SLOCK,LOTTO INTERMARCHE,286386,20200
2026,129,JOEL NICOLAU BELTRAN,CAJA RURAL-SEGUROS RGA,286413,20227
2026,130,DAAN HOOLE,DECATHLON CMA CGM TEAM,286470,20284
2026,131,DYLAN VAN BAARLE,SOUDAL QUICK-STEP,286519,20333
2026,132,HUUB ARTZ,LOTTO INTERMARCHE,286740,20554
2026,133,TIM MARSMAN,ALPECIN-PREMIER TECH,286777,20591
2026,134,KRISTS NEILANDS,NSN CYCLING TEAM,286824,20638
2026,135,JASPER PHILIPSEN,ALPECIN-PREMIER TECH,286861,20675
2026,136,DORIAN GODON,NETCOMPANY INEOS CYCLING TEAM,287000,20814
2026,137,SILVAN DILLIER,ALPECIN-PREMIER TECH,287102,20916
2026,138,SØREN WÆRENSKJOLD,UNO-X MOBILITY,287104,20918
2026,139,NIKLAS MÄRKL,TEAM PICNIC POSTNL,287277,21091
2026,140,PAVEL BITTNER,TEAM PICNIC POSTNL,287297,21111
2026,141,BINIAM GIRMAY,NSN CYCLING TEAM,287446,21260
2026,142,MAX KANTER,XDS ASTANA TEAM,287515,21329
2026,143,PASCAL EENKHOORN,SOUDAL QUICK-STEP,287624,21438
2026,144,JENTHE BIERMANS,COFIDIS,287890,21704
2026,145,JOHN DEGENKOLB,TEAM PICNIC POSTNL,287890,21704
2026,146,BAPTISTE VEISTROFFER,LOTTO INTERMARCHE,287920,21734
2026,147,MARCO HALLER,TUDOR PRO CYCLING TEAM,287926,21740
2026,148,MILAN FRETIN,COFIDIS,288156,21970
2026,149,OLAV KOOIJ,DECATHLON CMA CGM TEAM,288344,22158
2026,150,THOMAS JAKE STEWART,NSN CYCLING TEAM,288433,22247
2026,151,LEWIS ASKEY,NSN CYCLING TEAM,288434,22248
2026,152,DAVIDE BALLERINI,XDS ASTANA TEAM,288468,22282
2026,153,PIET ALLEGAERT,COFIDIS,288528,22342
2026,154,PHIL BAUHAUS,BAHRAIN VICTORIOUS,288615,22429
2026,155,KAMIL GRADEK,BAHRAIN VICTORIOUS,288758,22572
2026,156,JULIUS VAN DEN BERG,TEAM PICNIC POSTNL,288832,22646
2026,157,MATIS LOUVEL,NSN CYCLING TEAM,288842,22656
2026,158,CEES BOL,DECATHLON CMA CGM TEAM,289114,22928
